ONS Code,Press association number ,Constituency,Electorate ,Total number of ballots returned by close of poll,non voters,winning party,winning votes,second party,second votes,majority,Total number of valid votes counted,Valid vote turnout (all valid votes),difference_non_majority,difference_non_winners,% of non voters,non_voters_more_than_majority,non_voters_more_than_winner
E14000602,102,Bristol West,93003,72029,20974,Labour,47213,Conservative,9877,37336,71615,77.00%,-16362,-26239,23%,FALSE,FALSE
E14000752,318,Hornsey and Wood Green,79946,62594,17352,Labour,40738,Liberal Democrats,10000,30738,62293,77.90%,-13386,-23386,22%,FALSE,FALSE
E14000775,346,Knowsley,81760,55820,25940,Labour,47351,Conservative,5137,42214,55483,67.90%,-16274,-21411,32%,FALSE,FALSE
E14000708,258,Garston and Halewood,75248,53969,21279,Labour,41599,Conservative,9450,32149,53522,71.10%,-10870,-20320,28%,FALSE,FALSE
E14000755,321,Hove,74236,57596,16640,Labour,36942,Conservative,18185,18757,57476,77.40%,-2117,-20302,22%,FALSE,FALSE
E14000679,222,East Ham,83928,57100,26828,Labour,47124,Conservative,7241,39883,56633,67.50%,-13055,-20296,32%,FALSE,FALSE
E14000942,429,South Northamptonshire,85759,65452,20307,Conservative,40599,Labour,17759,22840,64998,75.80%,-2533,-20292,24%,FALSE,FALSE
E14000844,288,North East Hampshire,75476,57970,17506,Conservative,37754,Labour,9982,27772,57627,76.40%,-10266,-20248,23%,FALSE,FALSE
E14000803,383,Maidenhead,76076,58580,17496,Conservative,37718,Labour,11261,26457,58239,76.60%,-8961,-20222,23%,FALSE,FALSE
E14000581,79,Bootle,72872,50623,22249,Labour,42259,Conservative,6059,36200,50288,69.00%,-13951,-20010,31%,FALSE,FALSE
E14000763,334,Islington North,77514,57330,20184,Labour,40086,Conservative,6871,33215,56928,73.40%,-13031,-19902,26%,FALSE,FALSE
E14001013,595,Walthamstow,67597,48605,18992,Labour,38793,Conservative,6776,32017,48143,71.20%,-13025,-19801,28%,FALSE,FALSE
E14000789,363,"Lewisham, Deptford",78471,55420,23051,Labour,42461,Conservative,7562,34899,55113,70.20%,-11848,-19410,29%,FALSE,FALSE
E14000534,18,Arundel and South Downs,79478,60605,18873,Conservative,37573,Labour,13690,23883,60256,75.80%,-5010,-18700,24%,FALSE,FALSE
E14000562,59,"Birmingham, Hall Green",78271,54804,23467,Labour,42143,Conservative,8199,33944,54310,69.40%,-10477,-18676,30%,FALSE,FALSE
E14000813,42,Mid Bedfordshire,84161,63462,20699,Conservative,38936,Labour,17953,20983,63138,75.00%,-284,-18237,25%,FALSE,FALSE
E14001005,581,Twickenham,83362,66602,16760,Liberal Democrats,34969,Conservative,25207,9762,66290,79.50%,6998,-18209,20%,TRUE,FALSE
E14000809,389,"Manchester, Withington",74654,54345,20309,Labour,38424,Liberal Democrats,8549,29875,53602,71.80%,-9566,-18115,27%,FALSE,FALSE
E14000555,52,Bethnal Green and Bow,86075,60956,25119,Labour,42969,Conservative,7576,35393,59837,69.50%,-10274,-17850,29%,FALSE,FALSE
E14000824,400,Mole Valley,74545,57127,17418,Conservative,35092,Liberal Democrats,10955,24137,56726,76.10%,-6719,-17674,23%,FALSE,FALSE
E14000796,373,"Liverpool, West Derby",65164,45440,19724,Labour,37371,Conservative,4463,32908,45163,69.30%,-13184,-17647,30%,FALSE,FALSE
E14000631,142,Chesham and Amersham,71654,55748,15906,Conservative,33514,Labour,11374,22140,55252,77.10%,-6234,-17608,22%,FALSE,FALSE
E14000673,206,Dulwich and West Norwood,78037,56495,21542,Labour,39096,Conservative,10940,28156,56143,71.90%,-6614,-17554,28%,FALSE,FALSE
E14000929,514,Sleaford and North Hykeham,90929,66106,24823,Conservative,42245,Labour,17008,25237,65840,72.40%,-414,-17422,27%,FALSE,FALSE
E14000615,117,Camberwell and Peckham,85613,58072,27541,Labour,44665,Conservative,7349,37316,57410,67.10%,-9775,-17124,32%,FALSE,FALSE
E14001002,578,Tottenham,72882,49727,23155,Labour,40249,Conservative,5665,34584,49347,67.70%,-11429,-17094,32%,FALSE,FALSE
E14001035,635,West Worcestershire,74375,56715,17660,Conservative,34703,Labour,13375,21328,56471,75.90%,-3668,-17043,24%,FALSE,FALSE
E14000680,287,East Hampshire,74151,55730,18421,Conservative,35263,Labour,9411,25852,55409,74.70%,-7431,-16842,25%,FALSE,FALSE
E14000767,339,Kenilworth and Southam,66319,51904,14415,Conservative,31207,Labour,13131,18076,51377,77.50%,-3661,-16792,22%,FALSE,FALSE
E14000928,513,Skipton and Ripon,78104,58458,19646,Conservative,36425,Labour,16440,19985,58147,74.40%,-339,-16779,25%,FALSE,FALSE
E14000779,353,Leeds North East,70112,53410,16702,Labour,33436,Conservative,16445,16991,52999,75.60%,-289,-16734,24%,FALSE,FALSE
E14000655,171,Croydon North,87461,59971,27490,Labour,44213,Conservative,11848,32365,59623,68.20%,-4875,-16723,31%,FALSE,FALSE
E14000953,554,South West Surrey,78042,60978,17064,Conservative,33683,NHAP,12093,21590,60432,77.40%,-4526,-16619,22%,FALSE,FALSE
E14001023,606,Wealden,81410,60751,20659,Conservative,37027,Labour,13399,23628,60462,74.30%,-2969,-16368,25%,FALSE,FALSE
E14000753,319,Horsham,82772,62230,20542,Conservative,36906,Labour,13422,23484,61987,74.90%,-2942,-16364,25%,FALSE,FALSE
E14000795,372,"Liverpool, Wavertree",62411,43881,18530,Labour,34717,Conservative,5251,29466,43640,69.90%,-10936,-16187,30%,FALSE,FALSE
E14000916,500,Sefton Central,69019,52373,16646,Labour,32830,Conservative,17212,15618,52079,75.50%,1028,-16184,24%,TRUE,FALSE
E14000660,178,Daventry,75268,55969,19299,Conservative,35464,Labour,13730,21734,55665,74.00%,-2435,-16165,26%,FALSE,FALSE
E14000760,329,Ilford South,85435,57854,27581,Labour,43724,Conservative,12077,31647,57657,67.50%,-4066,-16143,32%,FALSE,FALSE
E14000841,43,North East Bedfordshire,87505,64495,23010,Conservative,39139,Labour,18277,20862,64220,73.40%,2148,-16129,26%,TRUE,FALSE
E14000932,519,Somerton and Frome,84437,64275,20162,Conservative,36231,Liberal Democrats,13325,22906,63982,75.80%,-2744,-16069,24%,FALSE,FALSE
E14000742,305,Henley,74997,57299,17698,Conservative,33749,Labour,11455,22294,57099,76.10%,-4596,-16051,24%,FALSE,FALSE
E14000640,143,City of Chester,72859,56846,16013,Labour,32023,Conservative,22847,9176,56421,77.40%,6837,-16010,22%,TRUE,FALSE
E14000991,164,The Cotswolds,80449,60246,20203,Conservative,36201,Labour,10702,25499,59702,74.20%,-5296,-15998,25%,FALSE,FALSE
E14000550,39,Beaconsfield,77524,56951,20573,Conservative,36559,Labour,12016,24543,56028,72.30%,-3970,-15986,27%,FALSE,FALSE
E14000788,365,Lewisham West and Penge,72900,53447,19453,Labour,35411,Conservative,12249,23162,53196,73.00%,-3709,-15958,27%,FALSE,FALSE
E14000839,198,North Dorset,76324,56091,20233,Conservative,36169,Labour,10392,25777,55724,73.00%,-5544,-15936,27%,FALSE,FALSE
E14000638,150,Christchurch,70309,50995,19314,Conservative,35230,Labour,10059,25171,50629,72.00%,-5857,-15916,27%,FALSE,FALSE
E14000997,573,Tonbridge and Malling,77417,57085,20332,Conservative,36218,Labour,12710,23508,56799,73.40%,-3176,-15886,26%,FALSE,FALSE
E14000794,371,"Liverpool, Walton",62738,42440,20298,Labour,36175,Conservative,3624,32551,42197,67.30%,-12253,-15877,32%,FALSE,FALSE
E14000811,391,Meon Valley,74246,54488,19758,Conservative,35624,Labour,9932,25692,54192,73.00%,-5934,-15866,27%,FALSE,FALSE
E14000978,544,Streatham,78649,56105,22544,Labour,38212,Conservative,11927,26285,55795,70.90%,-3741,-15668,29%,FALSE,FALSE
E14000909,488,Rutland and Melton,78463,57938,20525,Conservative,36169,Labour,13065,23104,57569,73.40%,-2579,-15644,26%,FALSE,FALSE
E14001010,592,Wallasey,67454,48543,18911,Labour,34552,Conservative,11232,23320,48353,71.70%,-4409,-15641,28%,FALSE,FALSE
E14000830,412,Newbury,82924,61052,21872,Conservative,37399,Liberal Democrats,13019,24380,60855,73.40%,-2508,-15527,26%,FALSE,FALSE
E14000850,517,North Somerset,80529,62419,18110,Conservative,33605,Labour,16502,17103,61998,77.00%,1007,-15495,22%,TRUE,FALSE
E14001042,623,Windsor,73595,54242,19353,Conservative,34718,Labour,12334,22384,53921,73.30%,-3031,-15365,26%,FALSE,FALSE
E14000818,634,Mid Worcestershire,76057,55424,20633,Conservative,35967,Labour,12641,23326,55089,72.40%,-2693,-15334,27%,FALSE,FALSE
E14000910,489,Saffron Walden,83702,61354,22348,Conservative,37629,Labour,12663,24966,60911,72.80%,-2618,-15281,27%,FALSE,FALSE
E14000998,574,Tooting,77971,58558,19413,Labour,34694,Conservative,19236,15458,58171,74.60%,3955,-15281,25%,TRUE,FALSE
E14000557,54,Bexhill and Battle,81331,59755,21576,Conservative,36854,Labour,14689,22165,59472,73.10%,-589,-15278,27%,FALSE,FALSE
E14000664,183,Derbyshire Dales,64430,49901,14529,Conservative,29744,Labour,15417,14327,49571,76.90%,202,-15215,23%,TRUE,FALSE
E14001032,614,West Ham,92418,61016,31402,Labour,46591,Conservative,9837,36754,60528,65.50%,-5352,-15189,34%,FALSE,FALSE
E14000951,310,South West Hertfordshire,81087,61057,20030,Conservative,35128,Labour,15578,19550,60653,74.80%,480,-15098,25%,TRUE,FALSE
E14000623,188,Central Devon,74370,58146,16224,Conservative,31278,Labour,15598,15680,57853,77.80%,544,-15054,22%,TRUE,FALSE
E14000694,240,Epsom and Ewell,80029,59737,20292,Conservative,35313,Labour,14838,20475,59266,74.10%,-183,-15021,25%,FALSE,FALSE
E14000977,543,Stratford-on-Avon,72572,53921,18651,Conservative,33657,Labour,11699,21958,53532,73.80%,-3307,-15006,26%,FALSE,FALSE
E14000983,553,Surrey Heath,80374,58260,22114,Conservative,37118,Labour,12175,24943,57822,71.90%,-2829,-15004,28%,FALSE,FALSE
E14000860,619,North Wiltshire,71410,53927,17483,Conservative,32398,Liberal Democrats,9521,22877,53656,75.10%,-5394,-14915,24%,FALSE,FALSE
E14000721,281,Hackney South and Shoreditch,83099,54010,29089,Labour,43974,Conservative,6043,37931,53354,64.20%,-8842,-14885,35%,FALSE,FALSE
E14000931,516,Solihull,77789,59610,18179,Conservative,32985,Labour,12414,20571,56773,73.00%,-2392,-14806,23%,FALSE,FALSE
E14000872,442,Orpington,67903,50899,17004,Conservative,31762,Labour,12301,19461,50461,74.30%,-2457,-14758,25%,FALSE,FALSE
E14000681,552,East Surrey,80004,59434,20570,Conservative,35310,Labour,11396,23914,59203,74.00%,-3344,-14740,26%,FALSE,FALSE
E14001041,622,Winchester,72497,57501,14996,Conservative,29729,Liberal Democrats,19730,9999,57156,78.80%,4997,-14733,21%,TRUE,FALSE
E14001048,629,Wokingham,79112,60023,19089,Conservative,33806,Labour,15008,18798,59700,75.50%,291,-14717,24%,TRUE,FALSE
E14000551,40,Beckenham,67925,51966,15959,Conservative,30632,Labour,15545,15087,51630,76.00%,872,-14673,23%,TRUE,FALSE
E14000749,315,Hitchin and Harpenden,75916,59277,16639,Conservative,31189,Labour,19158,12031,58791,77.40%,4608,-14550,22%,TRUE,FALSE
E14000699,246,Fareham,78837,57347,21490,Conservative,35915,Labour,14360,21555,57014,72.30%,-65,-14425,27%,FALSE,FALSE
E14000674,218,Ealing Central and Acton,74200,55533,18667,Labour,33037,Conservative,19230,13807,55342,74.60%,4860,-14370,25%,TRUE,FALSE
E14000791,367,Lichfield,74430,54742,19688,Conservative,34018,Labour,15437,18581,53377,71.70%,1107,-14330,26%,TRUE,FALSE
E14000829,411,Newark,75510,55327,20183,Conservative,34493,Labour,16344,18149,55042,72.90%,2034,-14310,27%,TRUE,FALSE
E14000908,486,Rushcliffe,74738,58820,15918,Conservative,30223,Labour,22213,8010,58320,78.00%,7908,-14305,21%,TRUE,FALSE
E14000697,243,Esher and Walton,80938,60150,20788,Conservative,35071,Labour,11773,23298,59894,74.00%,-2510,-14283,26%,FALSE,FALSE
E14000828,410,New Forest West,68786,49895,18891,Conservative,33170,Labour,9739,23431,49627,72.10%,-4540,-14279,27%,FALSE,FALSE
E14000720,280,Hackney North and Stoke Newington,85058,57040,28018,Labour,42265,Conservative,7126,35139,56409,66.30%,-7121,-14247,33%,FALSE,FALSE
E14000744,308,Hertford and Stortford,82339,60359,21980,Conservative,36184,Labour,17149,19035,59999,72.90%,2945,-14204,27%,TRUE,FALSE
E14000857,289,North West Hampshire,81430,59106,22324,Conservative,36471,Labour,13792,22679,58772,72.20%,-355,-14147,27%,FALSE,FALSE
E14000975,540,Stone,67824,50325,17499,Conservative,31614,Labour,14119,17495,50032,73.80%,4,-14115,26%,TRUE,FALSE
E14000847,307,North Herefordshire,67751,50744,17007,Conservative,31097,Labour,9495,21602,50293,74.20%,-4595,-14090,25%,FALSE,FALSE
E14000888,463,Rayleigh and Wickford,78556,55692,22864,Conservative,36914,Labour,13464,23450,55323,70.40%,-586,-14050,29%,FALSE,FALSE
E14000941,424,South Norfolk,83055,61498,21557,Conservative,35580,Labour,18902,16678,61111,73.60%,4879,-14023,26%,TRUE,FALSE
E14000707,257,Gainsborough,75893,57918,17975,Conservative,31790,Labour,14767,17023,57425,75.70%,952,-13815,24%,TRUE,FALSE
E14000790,366,Leyton and Wanstead,65149,46680,18469,Labour,32234,Conservative,9627,22607,46173,70.90%,-4138,-13765,28%,FALSE,FALSE
E14000945,530,South Staffordshire,73441,51428,22013,Conservative,35656,Labour,12923,22733,51109,69.60%,-720,-13643,30%,FALSE,FALSE
E14000799,379,Ludlow,68034,50243,17791,Conservative,31433,Labour,12147,19286,49970,73.40%,-1495,-13642,26%,FALSE,FALSE
E14000934,122,South Cambridgeshire,85257,65268,19989,Conservative,33631,Labour,17679,15952,64924,76.20%,4037,-13642,23%,TRUE,FALSE
E14000950,191,South West Devon,71206,53198,18008,Conservative,31634,Labour,15818,15816,52857,74.20%,2192,-13626,25%,TRUE,FALSE
E14001043,624,Wirral South,57670,45395,12275,Labour,25871,Conservative,17548,8323,45195,78.40%,3952,-13596,21%,TRUE,FALSE
E14000917,501,Selby and Ainsty,75918,56545,19373,Conservative,32921,Labour,19149,13772,56090,73.90%,5601,-13548,26%,TRUE,FALSE
E14001033,349,West Lancashire,73257,54751,18506,Labour,32030,Conservative,20341,11689,54396,74.30%,6817,-13524,25%,TRUE,FALSE
E14000990,566,Tewkesbury,81440,59456,21984,Conservative,35448,Labour,12874,22574,59091,72.60%,-590,-13464,27%,FALSE,FALSE
E14000613,113,Bury St Edmunds,86071,62506,23565,Conservative,36794,Labour,18353,18441,62162,72.20%,5124,-13229,27%,TRUE,FALSE
E14000594,93,Brentwood and Ongar,75067,53452,21615,Conservative,34811,Labour,10809,24002,52910,70.50%,-2387,-13196,29%,FALSE,FALSE
E14000726,286,Hammersmith,72805,52610,20195,Labour,33375,Conservative,14724,18651,52252,71.80%,1544,-13180,28%,TRUE,FALSE
E14000996,572,Tiverton and Honiton,80731,58382,22349,Conservative,35471,Labour,15670,19801,57822,71.60%,2548,-13122,28%,TRUE,FALSE
E14000817,555,Mid Sussex,84170,62159,22011,Conservative,35082,Labour,15409,19673,61632,73.20%,2338,-13071,26%,TRUE,FALSE
E14000895,472,Richmond (Yorks),80905,57446,23459,Conservative,36458,Labour,13350,23108,57013,70.50%,351,-12999,29%,TRUE,FALSE
E14000814,184,Mid Derbyshire,67466,50914,16552,Conservative,29513,Labour,17897,11616,50371,74.70%,4936,-12961,25%,TRUE,FALSE
E14000806,386,Maldon,71470,50312,21158,Conservative,34111,Labour,10681,23430,50202,70.20%,-2272,-12953,30%,FALSE,FALSE
E14001000,192,Torridge and West Devon,80524,59855,20669,Conservative,33612,Labour,12926,20686,59472,73.90%,-17,-12943,26%,FALSE,FALSE
E14000559,56,Birkenhead,64484,43853,20631,Labour,33558,Conservative,8044,25514,43663,67.70%,-4883,-12927,32%,FALSE,FALSE
E14000981,548,Suffolk Coastal,79366,58553,20813,Conservative,33713,Labour,17701,16012,58100,73.20%,4801,-12900,26%,TRUE,FALSE
E14000698,244,Exeter,77330,55843,21487,Labour,34336,Conservative,18219,16117,55416,71.70%,5370,-12849,28%,TRUE,FALSE
E14000940,360,South Leicestershire,78985,57021,21964,Conservative,34795,Labour,16164,18631,56689,71.80%,3333,-12831,28%,TRUE,FALSE
E14000605,105,Bromsgrove,73337,52667,20670,Conservative,33493,Labour,16920,16573,52253,71.30%,4097,-12823,28%,TRUE,FALSE
E14000750,316,Holborn and St Pancras,88089,59546,28543,Labour,41343,Conservative,10834,30509,58997,67.00%,-1966,-12800,32%,FALSE,FALSE
E14000823,399,Mitcham and Morden,68705,48418,20287,Labour,33039,Conservative,11664,21375,48118,70.00%,-1088,-12752,30%,FALSE,FALSE
E14000598,98,"Brighton, Pavilion",75486,58071,17415,Green Party,30149,Labour,15450,14699,57687,76.40%,2716,-12734,23%,TRUE,FALSE
E14000845,309,North East Hertfordshire,75965,56072,19893,Conservative,32587,Labour,15752,16835,55596,73.20%,3058,-12694,26%,TRUE,FALSE
E14000783,357,Leicester South,75534,51047,24487,Labour,37157,Conservative,10896,26261,50520,66.90%,-1774,-12670,32%,FALSE,FALSE
E14000979,545,Stretford and Urmston,71830,50980,20850,Labour,33519,Conservative,13814,19705,50291,70.00%,1145,-12669,29%,TRUE,FALSE
E14000963,493,St Helens South and Whiston,79039,55816,23223,Labour,35879,Conservative,11536,24343,52886,66.90%,-1120,-12656,29%,FALSE,FALSE
E14000688,234,Ellesmere Port and Neston,68666,51182,17484,Labour,30137,Conservative,18747,11390,50939,74.20%,6094,-12653,25%,TRUE,FALSE
E14000624,547,Central Suffolk and North Ipswich,78116,56740,21376,Conservative,33992,Labour,16807,17185,56546,72.40%,4191,-12616,27%,TRUE,FALSE
E14000918,502,Sevenoaks,71565,51516,20049,Conservative,32644,Labour,10727,21917,51218,71.60%,-1868,-12595,28%,FALSE,FALSE
E14000793,370,"Liverpool, Riverside",76332,48291,28041,Labour,40599,Conservative,4652,35947,48020,62.90%,-7906,-12558,37%,FALSE,FALSE
E14000675,219,Ealing North,74764,52668,22096,Labour,34635,Conservative,14942,19693,52516,70.20%,2403,-12539,30%,TRUE,FALSE
E14001015,597,Wantage,85786,63842,21944,Conservative,34459,Labour,17079,17380,63602,74.10%,4564,-12515,26%,TRUE,FALSE
E14001046,627,Witney,82727,61311,21416,Conservative,33839,Labour,12598,21241,60941,73.70%,175,-12423,26%,TRUE,FALSE
E14000635,147,Chippenham,76431,57557,18874,Conservative,31267,Liberal Democrats,14637,16630,57140,74.80%,2244,-12393,25%,TRUE,FALSE
E14000815,197,Mid Dorset and North Poole,65050,48777,16273,Conservative,28585,Liberal Democrats,13246,15339,48265,74.20%,934,-12312,25%,TRUE,FALSE
E14000965,528,Stafford,68445,52309,16136,Conservative,28424,Labour,20695,7729,51924,75.90%,8407,-12288,24%,TRUE,FALSE
E14001006,582,Tynemouth,77434,57325,20109,Labour,32395,Conservative,20729,11666,56858,73.40%,8443,-12286,26%,TRUE,FALSE
E14000593,92,Brentford and Isleworth,85164,62048,23116,Labour,35364,Conservative,23182,12182,61629,72.40%,10934,-12248,27%,TRUE,FALSE
E14000896,473,Richmond Park,80025,63659,16366,Conservative,28588,Liberal Democrats,28543,45,63330,79.10%,16321,-12222,20%,TRUE,FALSE
E14000882,456,Poplar and Limehouse,87331,59861,27470,Labour,39558,Conservative,11846,27712,58828,67.40%,-242,-12088,31%,FALSE,FALSE
E14000725,285,Halton,73814,49773,24041,Labour,36115,Conservative,10710,25405,49518,67.10%,-1364,-12074,33%,FALSE,FALSE
E14000846,518,North East Somerset,71355,54355,17000,Conservative,28992,Labour,18757,10235,54043,75.70%,6765,-11992,24%,TRUE,FALSE
E14001044,625,Wirral West,55995,44118,11877,Labour,23866,Conservative,18501,5365,43951,78.50%,6512,-11989,21%,TRUE,FALSE
E14000689,235,Elmet and Rothwell,80291,59926,20365,Conservative,32352,Labour,22547,9805,59542,74.20%,10560,-11987,25%,TRUE,FALSE
E14001045,626,Witham,69137,49453,19684,Conservative,31670,Labour,13024,18646,49239,71.20%,1038,-11986,28%,TRUE,FALSE
E14000646,159,Congleton,76694,56823,19871,Conservative,31830,Labour,19211,12619,56231,73.30%,7252,-11959,26%,TRUE,FALSE
E14000901,478,Romsey and Southampton North,67186,50459,16727,Conservative,28668,Liberal Democrats,10622,18046,50128,74.60%,-1319,-11941,25%,FALSE,FALSE
E14000946,549,South Suffolk,75485,54591,20894,Conservative,32829,Labour,15080,17749,54261,71.90%,3145,-11935,28%,TRUE,FALSE
E14000676,220,"Ealing, Southall",65188,45318,19870,Labour,31720,Conservative,9630,22090,45145,69.30%,-2220,-11850,30%,FALSE,FALSE
E14000869,438,Old Bexley and Sidcup,66005,48278,17727,Conservative,29545,Labour,14079,15466,48042,72.80%,2261,-11818,27%,TRUE,FALSE
E14001062,649,York Outer,75856,58290,17566,Conservative,29356,Labour,21067,8289,57427,75.70%,9277,-11790,23%,TRUE,FALSE
E14000633,145,Chichester,84991,60714,24277,Conservative,36032,Labour,13411,22621,59918,70.50%,1656,-11755,29%,TRUE,FALSE
E14000732,295,Harrow West,69797,50792,19005,Labour,30640,Conservative,17326,13314,50358,72.10%,5691,-11635,27%,TRUE,FALSE
E14001057,643,Wyre and Preston North,72319,53228,19091,Conservative,30684,Labour,18438,12246,52646,72.80%,6845,-11593,26%,TRUE,FALSE
E14000724,284,Haltemprice and Howden,71519,51734,19785,Conservative,31355,Labour,15950,15405,51440,71.90%,4380,-11570,28%,TRUE,FALSE
E14000912,496,Salisbury,72891,53491,19400,Conservative,30952,Labour,13619,17333,53251,73.10%,2067,-11552,27%,TRUE,FALSE
E14000980,546,Stroud,82839,64357,18482,Labour,29994,Conservative,29307,687,63847,77.10%,17795,-11512,22%,TRUE,FALSE
E14000730,293,Harrogate and Knaresborough,77280,57260,20020,Conservative,31477,Liberal Democrats,13309,18168,56768,73.50%,1852,-11457,26%,TRUE,FALSE
E14000539,26,Banbury,83824,61866,21958,Conservative,33388,Labour,20989,12399,61562,73.40%,9559,-11430,26%,TRUE,FALSE
E14000656,172,Croydon South,83518,61598,21920,Conservative,33334,Labour,21928,11406,61282,73.40%,10514,-11414,26%,TRUE,FALSE
E14000787,364,Lewisham East,68126,47426,20700,Labour,32072,Conservative,10859,21213,47201,69.30%,-513,-11372,30%,FALSE,FALSE
E14000988,564,Taunton Deane,85457,63494,21963,Conservative,33333,Liberal Democrats,17446,15887,63053,73.80%,6076,-11370,26%,TRUE,FALSE
W07000054,401,Monmouth,64909,49847,15062,Conservative,26411,Labour,18205,8206,49734,76.60%,6856,-11349,23%,TRUE,FALSE
E14001026,609,Wells,80782,61582,19200,Conservative,30488,Liberal Democrats,22906,7582,60843,75.30%,11618,-11288,24%,TRUE,FALSE
E14000603,103,Broadland,77334,56188,21146,Conservative,32406,Labour,16590,15816,55971,72.40%,5330,-11260,27%,TRUE,FALSE
E14000827,409,New Forest East,72602,51676,20926,Conservative,32162,Labour,10167,21995,51366,70.80%,-1069,-11236,29%,FALSE,FALSE
W07000051,127,Cardiff North,67220,52311,14909,Labour,26081,Conservative,21907,4174,52022,77.40%,10735,-11172,22%,TRUE,FALSE
E14000873,443,Oxford East,78353,54401,23952,Labour,35118,Conservative,11834,23284,53896,68.80%,668,-11166,31%,TRUE,FALSE
E14000745,311,Hertsmere,73549,52767,20782,Conservative,31928,Labour,14977,16951,52253,71.00%,3831,-11146,28%,TRUE,FALSE
E14000994,570,Thornbury and Yate,67891,51019,16872,Conservative,28008,Liberal Democrats,15937,12071,50690,74.70%,4801,-11136,25%,TRUE,FALSE
E14000993,569,Thirsk and Malton,78662,56216,22446,Conservative,33572,Labour,14571,19001,55929,71.10%,3445,-11126,29%,TRUE,FALSE
E14001061,648,York Central,77315,53847,23468,Labour,34594,Conservative,16019,18575,53301,68.90%,4893,-11126,30%,TRUE,FALSE
E14000759,328,Ilford North,73045,53549,19496,Labour,30589,Conservative,20950,9639,52941,72.50%,9857,-11093,27%,TRUE,FALSE
E14000938,163,South East Cornwall,71880,53453,18427,Conservative,29493,Labour,12050,17443,53224,74.00%,984,-11066,26%,TRUE,FALSE
E14000954,620,South West Wiltshire,76898,55072,21826,Conservative,32841,Labour,14515,18326,54762,71.20%,3500,-11015,28%,TRUE,FALSE
E14000719,279,Guildford,75292,55916,19376,Conservative,30295,Liberal Democrats,13255,17040,55509,73.70%,2336,-10919,26%,TRUE,FALSE
E14000570,67,Blackburn,70664,48416,22248,Labour,33148,Conservative,12780,20368,47515,67.20%,1880,-10900,31%,TRUE,FALSE
E14000937,123,South East Cambridgeshire,86121,63383,22738,Conservative,33601,Labour,17443,16158,63002,73.20%,6580,-10863,26%,TRUE,FALSE
E14000906,484,"Ruislip, Northwood and Pinner",73426,53706,19720,Conservative,30555,Labour,16575,13980,53382,72.70%,5740,-10835,27%,TRUE,FALSE
E14000625,136,Charnwood,78071,55542,22529,Conservative,33318,Labour,16977,16341,55176,70.70%,6188,-10789,29%,TRUE,FALSE
E14001031,200,West Dorset,82277,59941,22336,Conservative,33081,Liberal Democrats,13990,19091,59598,72.40%,3245,-10745,27%,TRUE,FALSE
E14000874,444,Oxford West and Abingdon,75574,60050,15524,Liberal Democrats,26256,Conservative,25440,816,60020,79.40%,14708,-10732,21%,TRUE,FALSE
E14001004,580,Tunbridge Wells,74782,54651,20131,Conservative,30856,Labour,14391,16465,54209,72.50%,3666,-10725,27%,TRUE,FALSE
E14000987,563,Tatton,67847,49663,18184,Conservative,28764,Labour,13977,14787,49116,72.40%,3397,-10580,27%,TRUE,FALSE
E14000718,278,Greenwich and Woolwich,77190,53520,23670,Labour,34215,Conservative,13501,20714,53107,68.80%,2956,-10545,31%,TRUE,FALSE
E14000591,90,Brent Central,80499,52810,27689,Labour,38208,Conservative,10211,27997,52325,65.00%,-308,-10519,34%,FALSE,FALSE
E14000782,356,Leicester East,77788,53176,24612,Labour,35116,Conservative,12688,22428,52425,67.40%,2184,-10504,32%,TRUE,FALSE
E14000665,187,Devizes,72185,50931,21254,Conservative,31744,Labour,10608,21136,50593,70.10%,118,-10490,29%,TRUE,FALSE
E14000686,227,Eddisbury,70272,51536,18736,Conservative,29192,Labour,17250,11942,51319,73.00%,6794,-10456,27%,TRUE,FALSE
E14000727,290,Hampstead and Kilburn,82943,58931,24012,Labour,34464,Conservative,18904,15560,58407,70.40%,8452,-10452,29%,TRUE,FALSE
E14000893,468,Reigate,74628,54172,20456,Conservative,30896,Labour,13282,17614,53823,72.10%,2842,-10440,27%,TRUE,FALSE
E14000637,149,Chorley,76404,56099,20305,Labour,30745,Conservative,23233,7512,55634,72.80%,12793,-10440,27%,TRUE,FALSE
E14000597,97,"Brighton, Kemptown",67893,49596,18297,Labour,28703,Conservative,18835,9868,49207,72.50%,8429,-10406,27%,TRUE,FALSE
E14000786,362,Lewes,70947,54513,16434,Conservative,26820,Liberal Democrats,21312,5508,54192,76.40%,10926,-10386,23%,TRUE,FALSE
E14000714,274,Grantham and Stamford,81740,56906,24834,Conservative,35090,Labour,14996,20094,56593,69.20%,4740,-10256,30%,TRUE,FALSE
E14000590,88,Braintree,75316,52510,22806,Conservative,32873,Labour,14451,18422,52326,69.50%,4384,-10067,30%,TRUE,FALSE
E14000734,297,Harwich and North Essex,71294,51410,19884,Conservative,29921,Labour,15565,14356,51141,71.70%,5528,-10037,28%,TRUE,FALSE
E14000812,392,Meriden,81443,57491,23952,Conservative,33873,Labour,14675,19198,54659,67.10%,4754,-9921,29%,TRUE,FALSE
E14000592,91,Brent North,82567,56984,25583,Labour,35496,Conservative,18435,17061,56451,68.40%,8522,-9913,31%,TRUE,FALSE
E14000746,312,Hexham,61737,46613,15124,Conservative,24996,Labour,15760,9236,46224,74.90%,5888,-9872,24%,TRUE,FALSE
S14000024,230,Edinburgh South,64553,48130,16423,Labour,26269,SNP,10755,15514,47840,74.10%,909,-9846,25%,TRUE,FALSE
E14000586,84,Bracknell,79199,56105,23094,Conservative,32882,Labour,16866,16016,55892,70.60%,7078,-9788,29%,TRUE,FALSE
E14000985,557,Sutton Coldfield,75652,53198,22454,Conservative,32224,Labour,16885,15339,52858,69.90%,7115,-9770,30%,TRUE,FALSE
E14000833,416,Newcastle upon Tyne North,66073,49050,17023,Labour,26729,Conservative,16380,10349,48205,73.00%,6674,-9706,26%,TRUE,FALSE
E14000858,359,North West Leicestershire,75362,53892,21470,Conservative,31153,Labour,17867,13286,53555,71.10%,8184,-9683,28%,TRUE,FALSE
E14000877,449,Penrith and The Border,65139,46701,18438,Conservative,28078,Labour,12168,15910,46470,71.30%,2528,-9640,28%,TRUE,FALSE
E14000599,99,Bristol East,72415,51118,21297,Labour,30847,Conservative,17453,13394,50799,70.10%,7903,-9550,29%,TRUE,FALSE
E14000608,108,Buckingham,79615,54844,24771,Speaker,34299,Green Party,8574,25725,52679,66.20%,-954,-9528,31%,FALSE,FALSE
E14000960,490,St Albans,72805,57708,15097,Conservative,24571,Liberal Democrats,18462,6109,56982,78.30%,8988,-9474,21%,TRUE,FALSE
E14001047,628,Woking,76170,55731,20439,Conservative,29903,Labour,13179,16724,55246,72.50%,3715,-9464,27%,TRUE,FALSE
E14000728,291,Harborough,78810,58103,20707,Conservative,30135,Labour,17706,12429,57605,73.10%,8278,-9428,26%,TRUE,FALSE
E14000687,233,Edmonton,65693,43898,21795,Labour,31221,Conservative,10106,21115,43678,66.50%,680,-9426,33%,TRUE,FALSE
E14000751,317,Hornchurch and Upminster,80802,56442,24360,Conservative,33750,Labour,16027,17723,56079,69.40%,6637,-9390,30%,TRUE,FALSE
E14000939,520,South Holland and The Deepings,76374,50550,25824,Conservative,35179,Labour,10282,24897,50315,65.90%,927,-9355,34%,TRUE,FALSE
E14000894,471,Ribble Valley,77972,55307,22665,Conservative,31919,Labour,18720,13199,55037,70.60%,9466,-9254,29%,TRUE,FALSE
E14001037,616,Westmorland and Lonsdale,66391,51944,14447,Liberal Democrats,23686,Conservative,22909,777,51606,77.70%,13670,-9239,22%,TRUE,FALSE
E14000949,44,South West Bedfordshire,79658,55913,23745,Conservative,32961,Labour,18793,14168,55635,69.80%,9577,-9216,30%,TRUE,FALSE
E14001060,646,Yeovil,82916,59671,23245,Conservative,32369,Liberal Democrats,17646,14723,59404,71.60%,8522,-9124,28%,TRUE,FALSE
E14000764,335,Islington South and Finsbury,69547,48429,21118,Labour,30188,Conservative,9925,20263,48049,69.10%,855,-9070,30%,TRUE,FALSE
E14000936,199,South Dorset,72323,52243,20080,Conservative,29135,Labour,17440,11695,51996,71.90%,8385,-9055,28%,TRUE,FALSE
E14000992,640,The Wrekin,68608,50201,18407,Conservative,27451,Labour,17887,9564,49523,72.20%,8843,-9044,27%,TRUE,FALSE
E14000849,511,North Shropshire,80535,55884,24651,Conservative,33642,Labour,17287,16355,55599,69.00%,8296,-8991,31%,TRUE,FALSE
E14001040,621,Wimbledon,66771,51793,14978,Conservative,23946,Labour,18324,5622,51526,77.20%,9356,-8968,22%,TRUE,FALSE
E14000538,22,Aylesbury,82546,59132,23414,Conservative,32313,Labour,17657,14656,58783,71.20%,8758,-8899,28%,TRUE,FALSE
E14000770,343,Kingston and Surbiton,81588,62677,18911,Liberal Democrats,27810,Conservative,23686,4124,62188,76.20%,14787,-8899,23%,TRUE,FALSE
E14000864,431,Norwich South,74182,51741,22441,Labour,31311,Conservative,15715,15596,51359,69.20%,6845,-8870,30%,TRUE,FALSE
E14000835,420,Newton Abbot,71714,51945,19769,Conservative,28635,Labour,11475,17160,51641,72.00%,2609,-8866,28%,TRUE,FALSE
E14000855,121,North West Cambridgeshire,93221,64438,28783,Conservative,37529,Labour,19521,18008,63991,68.60%,10775,-8746,31%,TRUE,FALSE
E14000563,60,"Birmingham, Hodge Hill",75698,46813,28885,Labour,37606,Conservative,6580,31026,46394,61.30%,-2141,-8721,38%,FALSE,FALSE
E14000816,421,Mid Norfolk,80027,55919,24108,Conservative,32828,Labour,16742,16086,55669,69.60%,8022,-8720,30%,TRUE,FALSE
E14001001,577,Totnes,68914,50601,18313,Conservative,26972,Labour,13495,13477,50271,72.90%,4836,-8659,27%,TRUE,FALSE
E14000757,326,Huntingdon,84273,60004,24269,Conservative,32915,Labour,18440,14475,59730,70.90%,9794,-8646,29%,TRUE,FALSE
E14000700,247,Faversham and Mid Kent,72205,50422,21783,Conservative,30390,Labour,12977,17413,49749,68.90%,4370,-8607,30%,TRUE,FALSE
E14000943,521,South Ribble,75752,55320,20432,Conservative,28980,Labour,21559,7421,54834,72.40%,13011,-8548,27%,TRUE,FALSE
E14000691,237,Enfield North,68452,48808,19644,Labour,28177,Conservative,17930,10247,48565,70.90%,9397,-8533,29%,TRUE,FALSE
N06000007,249,Fermanagh and South Tyrone,70601,53882,16719,Sinn Féin,25230,UUP,24355,875,53488,75.80%,15844,-8511,24%,TRUE,FALSE
E14000926,510,Shrewsbury and Atcham,79043,58460,20583,Conservative,29073,Labour,22446,6627,58203,73.60%,13956,-8490,26%,TRUE,FALSE
E14000907,485,Runnymede and Weybridge,74888,51913,22975,Conservative,31436,Labour,13386,18050,51609,68.90%,4925,-8461,31%,TRUE,FALSE
E14000536,20,Ashford,87387,60524,26863,Conservative,35318,Labour,17840,17478,59879,68.50%,9385,-8455,31%,TRUE,FALSE
E14000848,422,North Norfolk,69271,52452,16819,Liberal Democrats,25260,Conservative,21748,3512,52192,75.30%,13307,-8441,24%,TRUE,FALSE
E14000692,238,"Enfield, Southgate",65134,48574,16560,Labour,24989,Conservative,20634,4355,48328,74.20%,12205,-8429,25%,TRUE,FALSE
E14000832,415,Newcastle upon Tyne East,61989,42138,19851,Labour,28127,Conservative,8866,19261,41553,67.00%,590,-8276,32%,TRUE,FALSE
E14000984,556,Sutton and Cheam,70404,52074,18330,Conservative,26567,Liberal Democrats,13869,12698,51970,73.80%,5632,-8237,26%,TRUE,FALSE
E14000659,177,Dartford,77495,54499,22996,Conservative,31210,Labour,18024,13186,54224,70.00%,9810,-8214,30%,TRUE,FALSE
E14000837,162,North Cornwall,68844,51128,17716,Conservative,25835,Liberal Democrats,18635,7200,50944,74.00%,10516,-8119,26%,TRUE,FALSE
E14000705,254,Forest of Dean,70898,50912,19986,Conservative,28096,Labour,18594,9502,50526,71.30%,10484,-8110,28%,TRUE,FALSE
E14000802,382,Macclesfield,75228,54719,20509,Conservative,28595,Labour,19987,8608,54307,72.20%,11901,-8086,27%,TRUE,FALSE
E14000925,509,Shipley,73133,53766,19367,Conservative,27417,Labour,22736,4681,53399,73.00%,14686,-8050,26%,TRUE,FALSE
E14000706,256,Fylde,65937,46648,19289,Conservative,27334,Labour,15529,11805,46467,70.50%,7484,-8045,29%,TRUE,FALSE
E14000801,381,Luton South,67188,46313,20875,Labour,28804,Conservative,14879,13925,46033,68.50%,6950,-7929,31%,TRUE,FALSE
E14001024,607,Weaver Vale,69016,50846,18170,Labour,26066,Conservative,22138,3928,50613,73.30%,14242,-7896,26%,TRUE,FALSE
E14000678,189,East Devon,82369,60925,21444,Conservative,29306,Independent,21548,7758,60382,73.30%,13686,-7862,26%,TRUE,FALSE
E14000583,81,Bosworth,80623,56613,24010,Conservative,31864,Labour,13513,18351,56168,69.70%,5659,-7854,30%,TRUE,FALSE
E14000589,87,Bradford West,67758,46154,21604,Labour,29444,Conservative,7542,21902,45528,67.20%,-298,-7840,32%,FALSE,FALSE
E14000798,378,Louth and Horncastle,79007,53113,25894,Conservative,33733,Labour,14092,19641,52772,66.80%,6253,-7839,33%,TRUE,FALSE
S14000008,51,"Berwickshire, Roxburgh and Selkirk",73170,52789,20381,Conservative,28213,SNP,17153,11060,52367,71.60%,9321,-7832,28%,TRUE,FALSE
E14000556,53,Beverley and Holderness,80657,55981,24676,Conservative,32499,Labour,18457,14042,55678,69.00%,10634,-7823,31%,TRUE,FALSE
E14000800,380,Luton North,68811,46818,21993,Labour,29765,Conservative,15401,14364,46502,67.60%,7629,-7772,32%,TRUE,FALSE
E14000607,107,Broxtowe,74013,55786,18227,Conservative,25983,Labour,25120,863,55508,75.00%,17364,-7756,25%,TRUE,FALSE
E14000693,239,Epping Forest,74737,51010,23727,Conservative,31462,Labour,13219,18243,50779,67.90%,5484,-7735,32%,TRUE,FALSE
E14000748,314,High Peak,73248,54207,19041,Labour,26753,Conservative,24431,2322,53853,73.50%,16719,-7712,26%,TRUE,FALSE
E14000952,425,South West Norfolk,77874,52641,25233,Conservative,32894,Labour,14582,18312,52416,67.30%,6921,-7661,32%,TRUE,FALSE
E14000966,529,Staffordshire Moorlands,63260,44943,18317,Conservative,25963,Labour,15133,10830,44661,70.60%,7487,-7646,29%,TRUE,FALSE
E14000886,461,Pudsey,72622,54586,18036,Conservative,25550,Labour,25219,331,53959,74.30%,17705,-7514,25%,TRUE,FALSE
E14000710,260,Gedling,71223,51899,19324,Labour,26833,Conservative,22139,4694,51682,72.60%,14630,-7509,27%,TRUE,FALSE
E14000935,186,South Derbyshire,76380,52947,23433,Conservative,30907,Labour,18937,11970,52631,68.90%,11463,-7474,31%,TRUE,FALSE
E14000905,483,Rugby,72175,51754,20421,Conservative,27872,Labour,19660,8212,51336,71.10%,12209,-7451,28%,TRUE,FALSE
E14000532,9,Altrincham and Sale West,73225,53711,19514,Conservative,26933,Labour,20507,6426,52926,72.30%,13088,-7419,27%,TRUE,FALSE
E14000867,434,Nottingham South,71182,48558,22624,Labour,30013,Conservative,14851,15162,48089,67.60%,7462,-7389,32%,TRUE,FALSE
E14000889,464,Reading East,75522,55782,19740,Labour,27093,Conservative,23344,3749,55238,73.10%,15991,-7353,26%,TRUE,FALSE
E14001003,579,Truro and Falmouth,74683,56807,17876,Conservative,25123,Labour,21331,3792,56647,75.80%,14084,-7247,24%,TRUE,FALSE
E14000654,170,Croydon Central,80045,57395,22650,Labour,29873,Conservative,24221,5652,57095,71.30%,16998,-7223,28%,TRUE,FALSE
E14000690,236,Eltham,64474,46491,17983,Labour,25128,Conservative,18832,6296,46154,71.60%,11687,-7145,28%,TRUE,FALSE
E14000739,302,Hemel Hempstead,74415,52824,21591,Conservative,28735,Labour,19290,9445,52282,70.30%,12146,-7144,29%,TRUE,FALSE
E14000769,341,Kettering,71440,49959,21481,Conservative,28616,Labour,18054,10562,49404,69.20%,10919,-7135,30%,TRUE,FALSE
E14001055,639,Worthing West,77757,54635,23122,Conservative,30181,Labour,18091,12090,54503,70.10%,11032,-7059,30%,TRUE,FALSE
E14000574,72,Blaydon,68459,48538,19921,Labour,26979,Conservative,13502,13477,48084,70.20%,6444,-7058,29%,TRUE,FALSE
E14000604,104,Bromley and Chislehurst,65117,46960,18157,Conservative,25175,Labour,15585,9590,46662,71.70%,8567,-7018,28%,TRUE,FALSE
E14000853,583,North Tyneside,78914,52418,26496,Labour,33456,Conservative,14172,19284,51892,65.80%,7212,-6960,34%,TRUE,FALSE
E14000743,306,Hereford and South Herefordshire,71088,50988,20100,Conservative,27004,Labour,11991,15013,50555,71.10%,5087,-6904,28%,TRUE,FALSE
S14000018,209,East Dunbartonshire,66300,52143,14157,Liberal Democrats,21023,SNP,15684,5339,51801,78.10%,8818,-6866,21%,TRUE,FALSE
E14000648,161,Corby,83020,60323,22697,Conservative,29534,Labour,26844,2690,59997,72.30%,20007,-6837,27%,TRUE,FALSE
E14000765,337,Jarrow,64778,43591,21187,Labour,28020,Conservative,10757,17263,43023,66.40%,3924,-6833,33%,TRUE,FALSE
E14000595,95,Bridgwater and West Somerset,83913,58625,25288,Conservative,32111,Labour,16663,15448,58247,69.40%,9840,-6823,30%,TRUE,FALSE
E14000617,119,Cambridge,78528,56244,22284,Labour,29032,Liberal Democrats,16371,12661,55934,71.20%,9623,-6748,28%,TRUE,FALSE
E14001018,600,Warrington South,85617,62313,23304,Labour,29994,Conservative,27445,2549,62004,72.40%,20755,-6690,27%,TRUE,FALSE
E14000962,492,St Helens North,76088,50749,25339,Labour,32012,Conservative,13606,18406,50222,66.00%,6933,-6673,33%,TRUE,FALSE
E14000737,300,Hayes and Harlington,73268,48138,25130,Labour,31796,Conservative,13681,18115,47802,65.20%,7015,-6666,34%,TRUE,FALSE
W07000079,129,Cardiff West,66775,46973,19802,Labour,26425,Conservative,13874,12551,46629,69.80%,7251,-6623,30%,TRUE,FALSE
W07000046,273,Gower,62089,45984,16105,Labour,22727,Conservative,19458,3269,45576,73.40%,12836,-6622,26%,TRUE,FALSE
E14000628,139,Chelmsford,81032,57120,23912,Conservative,30525,Labour,16953,13572,56892,70.20%,10340,-6613,30%,TRUE,FALSE
E14000831,414,Newcastle upon Tyne Central,55368,37867,17501,Labour,24071,Conservative,9134,14937,37015,66.90%,2564,-6570,32%,TRUE,FALSE
E14001034,550,West Suffolk,77348,52253,25095,Conservative,31649,Labour,14586,17063,51748,66.90%,8032,-6554,32%,TRUE,FALSE
E14000959,527,Spelthorne,72641,50495,22146,Conservative,28692,Labour,15267,13425,50115,69.00%,8721,-6546,30%,TRUE,FALSE
E14000547,36,Bath,66778,49884,16894,Liberal Democrats,23436,Conservative,17742,5694,49583,74.30%,11200,-6542,25%,TRUE,FALSE
E14000774,344,Kingswood,69368,49143,20225,Conservative,26754,Labour,19254,7500,48741,70.30%,12725,-6529,29%,TRUE,FALSE
W07000050,126,Cardiff Central,59287,40589,18698,Labour,25193,Conservative,7997,17196,40367,68.10%,1502,-6495,32%,TRUE,FALSE
E14000900,477,Romford,73493,50309,23184,Conservative,29671,Labour,15893,13778,49973,68.00%,9406,-6487,32%,TRUE,FALSE
E14000600,100,Bristol North West,75434,54482,20952,Labour,27400,Conservative,22639,4761,54093,71.70%,16191,-6448,28%,TRUE,FALSE
E14000596,96,Brigg and Goole,66069,45234,20835,Conservative,27219,Labour,14856,12363,45057,68.20%,8472,-6384,32%,TRUE,FALSE
E14000531,8,Aldridge-Brownhills,60363,40399,19964,Conservative,26317,Labour,12010,14307,40235,66.70%,5657,-6353,33%,TRUE,FALSE
E14000859,423,North West Norfolk,72062,48970,23092,Conservative,29408,Labour,15620,13788,48811,67.70%,9304,-6316,32%,TRUE,FALSE
W07000049,1,Aberavon,49892,33489,16403,Labour,22662,Conservative,5901,16761,33268,66.70%,-358,-6259,33%,FALSE,FALSE
E14000865,432,Nottingham East,61760,39899,21861,Labour,28102,Conservative,8512,19590,39327,63.70%,2271,-6241,35%,TRUE,FALSE
E14000808,388,"Manchester, Gorton",75360,46511,28849,Labour,35085,Conservative,3355,31730,45953,61.00%,-2881,-6236,38%,FALSE,FALSE
E14000614,116,Calder Valley,79045,58462,20583,Conservative,26790,Labour,26181,609,58054,73.40%,19974,-6207,26%,TRUE,FALSE
W07000042,179,Delyn,54090,39652,14438,Labour,20573,Conservative,16333,4240,39418,72.90%,10198,-6135,27%,TRUE,FALSE
E14000964,494,St Ives,67451,51448,16003,Conservative,22120,Liberal Democrats,21808,312,51226,75.90%,15691,-6117,24%,TRUE,FALSE
E14000611,111,Bury North,67580,47990,19590,Labour,25683,Conservative,21308,4375,47903,70.90%,15215,-6093,29%,TRUE,FALSE
E14000713,272,Gosport,74152,49522,24630,Conservative,30647,Labour,13436,17211,49481,66.70%,7419,-6017,33%,TRUE,FALSE
E14000804,384,Maidstone and The Weald,75334,52182,23152,Conservative,29156,Labour,11433,17723,51717,68.70%,5429,-6004,31%,TRUE,FALSE
E14000576,74,Bognor Regis and Littlehampton,75827,51537,24290,Conservative,30276,Labour,12782,17494,51353,67.70%,6796,-5986,32%,TRUE,FALSE
E14000957,525,Southend West,67677,47511,20166,Conservative,26046,Labour,16046,10000,47191,69.70%,10166,-5880,30%,TRUE,FALSE
E14000684,225,Eastbourne,78754,57664,21090,Liberal Democrats,26924,Conservative,25315,1609,57420,72.90%,19481,-5834,27%,TRUE,FALSE
E14000564,61,"Birmingham, Ladywood",70023,41661,28362,Labour,34166,Conservative,5452,28714,41307,59.00%,-352,-5804,41%,FALSE,FALSE
E14000567,64,"Birmingham, Selly Oak",74370,49322,25048,Labour,30836,Conservative,15629,15207,48985,65.90%,9841,-5788,34%,TRUE,FALSE
E14000922,505,"Sheffield, Hallam",73455,57321,16134,Labour,21881,Liberal Democrats,19756,2125,57022,77.60%,14009,-5747,22%,TRUE,FALSE
E14001036,615,Westminster North,63846,43619,20227,Labour,25934,Conservative,14422,11512,43295,67.80%,8715,-5707,32%,TRUE,FALSE
S14000014,208,"Dumfriesshire, Clydesdale and Tweeddale",67672,49192,18480,Conservative,24177,SNP,14736,9441,48964,72.40%,9039,-5697,27%,TRUE,FALSE
E14000685,226,Eastleigh,81212,57993,23219,Conservative,28889,Liberal Democrats,14710,14179,57280,70.50%,9040,-5670,29%,TRUE,FALSE
W07000068,89,Brecon and Radnorshire 5,56010,41581,14429,Conservative,20081,Liberal Democrats,12043,8038,41334,73.80%,6391,-5652,26%,TRUE,FALSE
E14000838,190,North Devon,75801,55936,19865,Conservative,25517,Liberal Democrats,21185,4332,55705,73.50%,15533,-5652,26%,TRUE,FALSE
W07000078,589,Vale of Glamorgan,73959,54106,19853,Conservative,25501,Labour,23311,2190,53719,72.60%,17663,-5648,27%,TRUE,FALSE
E14000930,515,Slough,83272,54746,28526,Labour,34170,Conservative,17172,16998,54296,65.20%,11528,-5644,34%,TRUE,FALSE
S14000021,469,East Renfrewshire,70076,54223,15853,Conservative,21496,SNP,16784,4712,53805,76.80%,11141,-5643,23%,TRUE,FALSE
E14000627,138,Cheadle,73406,54690,18716,Conservative,24331,Liberal Democrats,19824,4507,54338,74.00%,14209,-5615,25%,TRUE,FALSE
E14000881,455,Poole,73796,50438,23358,Conservative,28888,Labour,14679,14209,49850,67.60%,9149,-5530,32%,TRUE,FALSE
N06000004,48,Belfast West,62423,40840,21583,Sinn Féin,27107,DUP,5455,21652,40640,65.10%,-69,-5524,35%,FALSE,FALSE
E14000622,134,Castle Point,69470,44892,24578,Conservative,30076,Labour,11204,18872,44710,64.40%,5706,-5498,35%,TRUE,FALSE
E14001019,601,Warwick and Leamington,74237,54506,19731,Labour,25227,Conservative,24021,1206,54055,72.80%,18525,-5496,27%,TRUE,FALSE
E14000554,50,Berwick-upon-Tweed,59148,42486,16662,Conservative,22145,Labour,10364,11781,42212,71.40%,4881,-5483,28%,TRUE,FALSE
E14000587,85,Bradford East,70389,46039,24350,Labour,29831,Conservative,9291,20540,45622,64.80%,3810,-5481,35%,TRUE,FALSE
E14000821,397,Milton Keynes North,89207,64274,24933,Conservative,30367,Labour,28392,1975,63929,71.70%,22958,-5434,28%,TRUE,FALSE
E14001027,610,Welwyn Hatfield,72888,51927,20961,Conservative,26374,Labour,19005,7369,51669,70.90%,13592,-5413,29%,TRUE,FALSE
W07000043,10,Alyn and Deeside,63012,45109,17903,Labour,23315,Conservative,18080,5235,44745,71.00%,12668,-5412,28%,TRUE,FALSE
E14000558,55,Bexleyheath and Crayford,65315,45613,19702,Conservative,25113,Labour,16040,9073,45189,69.20%,10629,-5411,30%,TRUE,FALSE
E14000645,158,Colne Valley,84387,60942,23445,Labour,28818,Conservative,27903,915,60420,71.60%,22530,-5373,28%,TRUE,FALSE
E14000610,110,Burton,73960,50313,23647,Conservative,28936,Labour,18889,10047,49911,67.50%,13600,-5289,32%,TRUE,FALSE
E14000630,141,Cheltenham,78724,57356,21368,Conservative,26615,Liberal Democrats,24046,2569,57012,72.40%,18799,-5247,27%,TRUE,FALSE
E14000704,253,Folkestone and Hythe,86272,59254,27018,Conservative,32197,Labour,16786,15411,58875,68.20%,11607,-5179,31%,TRUE,FALSE
E14000636,148,Chipping Barnet,76377,55856,20521,Conservative,25679,Labour,25326,353,55423,72.60%,20168,-5158,27%,TRUE,FALSE
E14000986,562,Tamworth,71308,47625,23683,Conservative,28748,Labour,16401,12347,47110,66.10%,11336,-5065,33%,TRUE,FALSE
E14001025,608,Wellingborough,79254,53724,25530,Conservative,30579,Labour,18119,12460,53259,67.20%,13070,-5049,32%,TRUE,FALSE
E14001014,596,Wansbeck,62151,42840,19311,Labour,24338,Conservative,13903,10435,42454,68.30%,8876,-5027,31%,TRUE,FALSE
E14000670,201,Dover,74564,52255,22309,Conservative,27211,Labour,20774,6437,51966,69.70%,15872,-4902,30%,TRUE,FALSE
E14001008,590,Vauxhall,82055,55353,26702,Labour,31576,Liberal Democrats,11326,20250,55042,67.10%,6452,-4874,33%,TRUE,FALSE
E14000924,508,Sherwood,76196,53560,22636,Conservative,27492,Labour,22294,5198,53364,70.00%,17438,-4856,30%,TRUE,FALSE
W07000080,128,Cardiff South and Penarth,76499,51155,25344,Labour,30182,Conservative,15318,14864,50736,66.30%,10480,-4838,33%,TRUE,FALSE
E14000766,338,Keighley,71429,52174,19255,Labour,24056,Conservative,23817,239,51717,72.40%,19016,-4801,27%,TRUE,FALSE
E14000709,259,Gateshead,65186,42537,22649,Labour,27426,Conservative,10076,17350,42103,64.60%,5299,-4777,35%,TRUE,FALSE
E14001038,617,Weston-Super-Mare,82136,56920,25216,Conservative,29982,Labour,18438,11544,56415,68.70%,13672,-4766,31%,TRUE,FALSE
E14000892,467,Redditch,64413,45506,18907,Conservative,23652,Labour,16289,7363,45208,70.20%,11544,-4745,29%,TRUE,FALSE
E14000731,294,Harrow East,71755,51348,20407,Conservative,25129,Labour,23372,1757,50791,70.80%,18650,-4722,28%,TRUE,FALSE
E14000666,193,Dewsbury,81343,57215,24128,Labour,28814,Conservative,25493,3321,56545,69.50%,20807,-4686,30%,TRUE,FALSE
E14000971,536,Stockton South,75625,54204,21421,Labour,26102,Conservative,25214,888,53824,71.20%,20533,-4681,28%,TRUE,FALSE
E14000919,504,Sheffield Central,77560,48262,29298,Labour,33963,Conservative,6215,27748,47919,61.80%,1550,-4665,38%,TRUE,FALSE
E14000851,560,North Swindon,80168,55389,24779,Conservative,29431,Labour,21096,8335,54911,68.50%,16444,-4652,31%,TRUE,FALSE
E14000566,63,"Birmingham, Perry Barr",70106,44558,25548,Labour,30109,Conservative,11726,18383,44197,63.00%,7165,-4561,36%,TRUE,FALSE
E14000619,125,Canterbury,78182,57168,21014,Labour,25572,Conservative,25385,187,56803,72.70%,20827,-4558,27%,TRUE,FALSE
E14000776,350,Lancaster and Fleetwood,67154,46355,20799,Labour,25342,Conservative,18681,6661,45989,68.50%,14138,-4543,31%,TRUE,FALSE
E14000683,650,East Yorkshire,81065,54143,26922,Conservative,31442,Labour,16436,15006,53956,66.60%,11916,-4520,33%,TRUE,FALSE
E14000634,146,Chingford and Woodford Green,65958,47361,18597,Conservative,23076,Labour,20638,2438,46961,71.20%,16159,-4479,28%,TRUE,FALSE
W07000069,408,Neath,55862,38619,17243,Labour,21713,Conservative,9082,12631,38285,68.50%,4612,-4470,31%,TRUE,FALSE
E14000612,112,Bury South,73715,51017,22698,Labour,27165,Conservative,21200,5965,50990,69.20%,16733,-4467,31%,TRUE,FALSE
E14000956,524,"Southampton, Test",70199,47151,23048,Labour,27509,Conservative,16006,11503,46903,66.80%,11545,-4461,33%,TRUE,FALSE
E14000548,37,Batley and Spen,80161,54702,25459,Labour,29844,Conservative,20883,8961,53780,67.10%,16498,-4385,32%,TRUE,FALSE
E14000601,101,Bristol South,83012,54706,28306,Labour,32666,Conservative,16679,15987,54393,65.50%,12319,-4360,34%,TRUE,FALSE
E14000641,214,City of Durham,71132,48617,22515,Labour,26772,Conservative,14408,12364,48324,67.90%,10151,-4257,32%,TRUE,FALSE
E14000703,252,Finchley and Golders Green,73151,52792,20359,Conservative,24599,Labour,22942,1657,52385,71.60%,18702,-4240,28%,TRUE,FALSE
E14001017,599,Warrington North,71918,48776,23142,Labour,27356,Conservative,17774,9582,48525,67.50%,13560,-4214,32%,TRUE,FALSE
E14000701,248,Feltham and Heston,81714,53446,28268,Labour,32462,Conservative,16859,15603,53027,64.90%,12665,-4194,35%,TRUE,FALSE
N06000010,585,Mid Ulster,68485,47134,21351,Sinn Féin,25455,DUP,12565,12890,46697,68.20%,8461,-4104,31%,TRUE,FALSE
S14000058,5,West Aberdeenshire and Kincardine,72477,51850,20627,Conservative,24704,SNP,16754,7950,51626,71.20%,12677,-4077,28%,TRUE,FALSE
E14000947,561,South Swindon,72372,51588,20784,Conservative,24809,Labour,22345,2464,51271,70.80%,18320,-4025,29%,TRUE,FALSE
E14000702,251,Filton and Bradley Stoke,72483,51144,21339,Conservative,25339,Labour,21149,4190,50702,70.00%,17149,-4000,29%,TRUE,FALSE
E14000545,34,Basingstoke,81875,56310,25565,Conservative,29510,Labour,20044,9466,55960,68.30%,16099,-3945,31%,TRUE,FALSE
W07000052,470,Rhondda,50514,33354,17160,Labour,21096,Plaid Cymru,7350,13746,32936,65.20%,3414,-3936,34%,TRUE,FALSE
E14001016,598,Warley,63739,40642,23097,Labour,27004,Conservative,10521,16483,40321,63.30%,6614,-3907,36%,TRUE,FALSE
E14000533,11,Amber Valley,68065,46045,22020,Conservative,25905,Labour,17605,8300,45811,67.30%,13720,-3885,32%,TRUE,FALSE
E14000969,534,Stockport,64236,41828,22408,Labour,26282,Conservative,11805,14477,41544,64.70%,7931,-3874,35%,TRUE,FALSE
E14000968,532,Stevenage,70765,49826,20939,Conservative,24798,Labour,21412,3386,49327,69.70%,17553,-3859,30%,TRUE,FALSE
E14000715,275,Gravesham,72954,49558,23396,Conservative,27237,Labour,17890,9347,48997,67.20%,14049,-3841,32%,TRUE,FALSE
E14001058,644,Wyre Forest,77758,51696,26062,Conservative,29859,Labour,16525,13334,51133,65.80%,12728,-3797,34%,TRUE,FALSE
E14001056,642,Wycombe,77087,54114,22973,Conservative,26766,Labour,20188,6578,53493,69.40%,16395,-3793,30%,TRUE,FALSE
E14000606,106,Broxbourne,73502,47734,25768,Conservative,29515,Labour,13723,15792,47485,64.60%,9976,-3747,35%,TRUE,FALSE
W07000066,132,Carmarthen West and South Pembrokeshire,58563,42504,16059,Conservative,19771,Labour,16661,3110,42229,72.10%,12949,-3712,27%,TRUE,FALSE
E14000682,638,East Worthing and Shoreham,75525,53220,22305,Conservative,25988,Labour,20882,5106,53117,70.30%,17199,-3683,30%,TRUE,FALSE
E14000999,575,Torbay,75931,52442,23489,Conservative,27141,Liberal Democrats,12858,14283,51174,67.40%,9206,-3652,31%,TRUE,FALSE
E14000756,322,Huddersfield,67037,44210,22827,Labour,26470,Conservative,14465,12005,43834,65.40%,10822,-3643,34%,TRUE,FALSE
E14000871,440,Oldham West and Royton,72400,46144,26256,Labour,29846,Conservative,12648,17198,45788,63.20%,9058,-3590,36%,TRUE,FALSE
E14000711,261,Gillingham and Rainham,72903,49394,23509,Conservative,27091,Labour,17661,9430,48868,67.00%,14079,-3582,32%,TRUE,FALSE
E14001051,632,Wolverhampton South West,59971,42626,17345,Labour,20899,Conservative,18714,2185,42346,70.60%,15160,-3554,29%,TRUE,FALSE
W07000074,437,Ogmore,57125,37408,19717,Labour,23225,Conservative,9354,13871,37276,65.30%,5846,-3508,35%,TRUE,FALSE
N06000001,45,Belfast East,63495,43025,20470,DUP,23917,Alliance,15443,8474,42901,67.60%,11996,-3447,32%,TRUE,FALSE
E14000902,480,Rossendale and Darwen,72486,50423,22063,Conservative,25499,Labour,22283,3216,50150,69.20%,18847,-3436,30%,TRUE,FALSE
E14000540,28,Barking,77022,48104,28918,Labour,32319,Conservative,10711,21608,47679,61.90%,7310,-3401,38%,TRUE,FALSE
E14000843,185,North East Derbyshire,72082,50685,21397,Conservative,24783,Labour,21923,2860,50380,69.90%,18537,-3386,30%,TRUE,FALSE
E14000616,118,Camborne and Redruth,68419,48730,19689,Conservative,23001,Labour,21424,1577,48501,70.90%,18112,-3312,29%,TRUE,FALSE
E14000842,120,North East Cambridgeshire,84414,53375,31039,Conservative,34340,Labour,13070,21270,53284,63.10%,9769,-3301,37%,TRUE,FALSE
E14000544,32,Basildon and Billericay,69149,45066,24083,Conservative,27381,Labour,13981,13400,44945,65.00%,10683,-3298,35%,TRUE,FALSE
S14000055,479,"Ross, Skye and Lochaber",54169,41982,12187,SNP,15480,Conservative,9561,5919,41811,77.20%,6268,-3293,22%,TRUE,FALSE
E14000822,398,Milton Keynes South,92417,65043,27374,Conservative,30652,Labour,28987,1665,64539,69.80%,25709,-3278,30%,TRUE,FALSE
E14000575,73,Blyth Valley,63428,42912,20516,Labour,23770,Conservative,15855,7915,42490,67.00%,12601,-3254,32%,TRUE,FALSE
E14000695,241,Erewash,72995,50216,22779,Conservative,25939,Labour,21405,4534,49781,68.20%,18245,-3160,31%,TRUE,FALSE
W07000073,94,Bridgend,62185,43415,18770,Labour,21913,Conservative,17213,4700,43310,69.60%,14070,-3143,30%,TRUE,FALSE
E14000549,38,Battersea,77574,55386,22188,Labour,25292,Conservative,22876,2416,55058,71.00%,19772,-3104,29%,TRUE,FALSE
E14000852,567,North Thanet,72651,48569,24082,Conservative,27163,Labour,16425,10738,48325,66.50%,13344,-3081,33%,TRUE,FALSE
E14000854,602,North Warwickshire,72277,48413,23864,Conservative,26860,Labour,18350,8510,48178,66.70%,15354,-2996,33%,TRUE,FALSE
E14000723,283,Halifax,71224,48700,22524,Labour,25507,Conservative,20131,5376,48278,67.80%,17148,-2983,32%,TRUE,FALSE
E14000553,49,Bermondsey and Old Southwark,87265,59080,28185,Labour,31161,Liberal Democrats,18189,12972,58521,67.10%,15213,-2976,32%,TRUE,FALSE
E14000948,568,South Thanet,72334,50043,22291,Conservative,25262,Labour,18875,6387,49753,68.80%,15904,-2971,31%,TRUE,FALSE
W07000047,559,Swansea West,56889,37563,19326,Labour,22278,Conservative,11680,10598,37282,65.50%,8728,-2952,34%,TRUE,FALSE
E14000580,78,Bolton West,72797,51263,21534,Conservative,24459,Labour,23523,936,51054,70.10%,20598,-2925,30%,TRUE,FALSE
E14000826,405,Morley and Outwood,76495,52870,23625,Conservative,26550,Labour,24446,2104,52357,68.40%,21521,-2925,31%,TRUE,FALSE
E14000944,522,South Shields,63433,41269,22164,Labour,25078,Conservative,10570,14508,40772,64.30%,7656,-2914,35%,TRUE,FALSE
E14001012,594,Walsall South,67417,45042,22375,Labour,25286,Conservative,16394,8892,44072,65.40%,13483,-2911,33%,TRUE,FALSE
E14000923,506,"Sheffield, Heeley",68040,44415,23625,Labour,26524,Conservative,12696,13828,44059,64.80%,9797,-2899,35%,TRUE,FALSE
E14000890,465,Reading West,74518,52095,22423,Conservative,25311,Labour,22435,2876,51766,69.50%,19547,-2888,30%,TRUE,FALSE
E14000662,181,Derby North,69919,49166,20753,Labour,23622,Conservative,21607,2015,48672,69.60%,18738,-2869,30%,TRUE,FALSE
E14000887,462,Putney,65031,47211,17820,Conservative,20679,Labour,19125,1554,46894,72.10%,16266,-2859,27%,TRUE,FALSE
E14000642,152,Clacton,68556,44383,24173,Conservative,27031,Labour,11203,15828,44149,64.40%,8345,-2858,35%,TRUE,FALSE
E14000976,541,Stourbridge,70220,47326,22894,Conservative,25706,Labour,18052,7654,47133,67.10%,15240,-2812,33%,TRUE,FALSE
E14001039,618,Wigan,75349,48567,26782,Labour,29575,Conservative,13548,16027,47542,63.10%,10755,-2793,36%,TRUE,FALSE
E14000961,491,St Austell and Newquay,78609,54531,24078,Conservative,26856,Labour,15714,11142,54212,69.00%,12936,-2778,31%,TRUE,FALSE
E14000653,169,Crewe and Nantwich,78895,55651,23244,Labour,25928,Conservative,25880,48,55027,69.70%,23196,-2684,29%,TRUE,FALSE
E14000647,160,Copeland,61751,43351,18400,Conservative,21062,Labour,19367,1695,42927,69.50%,16705,-2662,30%,TRUE,FALSE
E14000885,460,Preston,57791,36224,21567,Labour,24210,Conservative,8487,15723,35597,61.60%,5844,-2643,37%,TRUE,FALSE
E14000652,168,Crawley,73425,50634,22791,Conservative,25426,Labour,22969,2457,50273,68.50%,20334,-2635,31%,TRUE,FALSE
E14001053,636,Workington,60625,41875,18750,Labour,21317,Conservative,17392,3925,41731,68.80%,14825,-2567,31%,TRUE,FALSE
E14000840,215,North Durham,66970,43618,23352,Labour,25917,Conservative,12978,12939,43284,64.60%,10413,-2565,35%,TRUE,FALSE
E14000735,298,Hastings and Rye,78319,55166,23153,Conservative,25668,Labour,25322,346,54766,69.90%,22807,-2515,30%,TRUE,FALSE
E14001052,633,Worcester,73893,51638,22255,Conservative,24731,Labour,22223,2508,51437,69.60%,19747,-2476,30%,TRUE,FALSE
W07000063,402,Montgomeryshire,50755,35129,15626,Conservative,18075,Liberal Democrats,8790,9285,34891,68.70%,6341,-2449,31%,TRUE,FALSE
E14000632,144,Chesterfield,72069,48224,23845,Labour,26266,Conservative,16661,9605,47927,66.50%,14240,-2421,33%,TRUE,FALSE
E14000643,153,Cleethorpes,73052,48129,24923,Conservative,27321,Labour,16921,10400,47844,65.50%,14523,-2398,34%,TRUE,FALSE
W07000062,154,Clwyd South,54266,37652,16614,Labour,19002,Conservative,14646,4356,37474,69.10%,12258,-2388,31%,TRUE,FALSE
E14000880,453,"Plymouth, Sutton and Devonport",76584,51682,24902,Labour,27283,Conservative,20476,6807,51208,66.90%,18095,-2381,33%,TRUE,FALSE
E14000620,130,Carlisle,62294,43199,19095,Conservative,21472,Labour,18873,2599,43057,69.10%,16496,-2377,31%,TRUE,FALSE
E14000663,182,Derby South,69918,45861,24057,Labour,26430,Conservative,15182,11248,45306,64.80%,12809,-2373,34%,TRUE,FALSE
E14000651,167,Coventry South,70736,47235,23501,Labour,25874,Conservative,17927,7947,47031,66.50%,15554,-2373,33%,TRUE,FALSE
W07000065,459,Preseli Pembrokeshire,58555,42469,16086,Conservative,18302,Labour,17988,314,42200,72.10%,15772,-2216,27%,TRUE,FALSE
E14000582,80,Boston and Skegness,68402,43344,25058,Conservative,27271,Labour,10699,16572,42879,62.70%,8486,-2213,37%,TRUE,FALSE
E14000875,447,Pendle,64962,45154,19808,Conservative,21986,Labour,20707,1279,44854,69.00%,18529,-2178,30%,TRUE,FALSE
E14000650,166,Coventry North West,75196,50469,24727,Labour,26894,Conservative,18314,8580,49854,66.30%,16147,-2167,33%,TRUE,FALSE
W07000059,155,Clwyd West,58263,40876,17387,Conservative,19541,Labour,16104,3437,40662,69.80%,13950,-2154,30%,TRUE,FALSE
W07000045,375,Llanelli,60185,40762,19423,Labour,21568,Conservative,9544,12024,40342,67.00%,7399,-2145,32%,TRUE,FALSE
E14000546,35,Bassetlaw,78540,53215,25325,Labour,27467,Conservative,22615,4852,52250,66.50%,20473,-2142,32%,TRUE,FALSE
W07000056,418,Newport West,64382,43792,20590,Labour,22723,Conservative,17065,5658,43433,67.50%,14932,-2133,32%,TRUE,FALSE
E14000797,377,Loughborough,79607,54623,24984,Conservative,27022,Labour,22753,4269,54148,68.00%,20715,-2038,31%,TRUE,FALSE
W07000044,641,Wrexham,50425,35275,15150,Labour,17153,Conservative,15321,1832,35092,69.60%,13318,-2003,30%,TRUE,FALSE
E14000883,457,Portsmouth North,71374,47419,23955,Conservative,25860,Labour,15895,9965,47210,66.10%,13990,-1905,34%,TRUE,FALSE
S14000054,450,Perth and North Perthshire,71762,51862,19900,SNP,21804,Conservative,21783,21,51539,71.80%,19879,-1904,28%,TRUE,FALSE
N06000018,584,West Tyrone,64009,43772,20237,Sinn Féin,22060,DUP,11718,10342,43486,67.90%,9895,-1823,32%,TRUE,FALSE
E14000781,355,Leeds West,67955,42753,25202,Labour,27013,Conservative,11048,15965,42229,62.10%,9237,-1811,37%,TRUE,FALSE
W07000075,454,Pontypridd,60564,40262,20302,Labour,22103,Conservative,10655,11448,39894,65.90%,8854,-1801,34%,TRUE,FALSE
E14000736,299,Havant,72470,46559,25911,Conservative,27676,Labour,11720,15956,46323,63.90%,9955,-1765,36%,TRUE,FALSE
E14000729,292,Harlow,67669,45087,22582,Conservative,24230,Labour,17199,7031,44846,66.30%,15551,-1648,33%,TRUE,FALSE
E14000876,448,Penistone and Stocksbridge,71293,50097,21196,Labour,22807,Conservative,21485,1322,49796,69.80%,19874,-1611,30%,TRUE,FALSE
E14000897,474,Rochdale,78064,50598,27466,Labour,29035,Conservative,14216,14819,50044,64.10%,12647,-1569,35%,TRUE,FALSE
E14000913,497,Scarborough and Whitby,73599,50745,22854,Conservative,24401,Labour,20966,3435,50449,68.50%,19419,-1547,31%,TRUE,FALSE
E14000856,216,North West Durham,71981,48194,23787,Labour,25308,Conservative,16516,8792,47902,66.50%,14995,-1521,33%,TRUE,FALSE
S14000057,533,Stirling,66415,49639,16776,Conservative,18291,SNP,18143,148,49372,74.30%,16628,-1515,25%,TRUE,FALSE
N06000012,14,North Antrim,75657,48621,27036,DUP,28521,Sinn Féin,7878,20643,48468,64.10%,6393,-1485,36%,TRUE,FALSE
E14000658,176,Darlington,66341,45128,21213,Labour,22681,Conservative,19401,3280,44817,67.60%,17933,-1468,32%,TRUE,FALSE
W07000058,2,Aberconwy,45251,32362,12889,Conservative,14337,Labour,13702,635,32152,71.10%,12254,-1448,28%,TRUE,FALSE
W07000060,588,Vale of Clwyd,56890,38900,17990,Labour,19423,Conservative,17044,2379,38684,68.00%,15611,-1433,32%,TRUE,FALSE
N06000011,419,Newry and Armagh,78266,53958,24308,Sinn Féin,25666,DUP,13177,12489,53579,68.50%,11819,-1358,31%,TRUE,FALSE
E14000805,385,Makerfield,74245,47341,26904,Labour,28245,Conservative,14703,13542,46933,63.20%,13362,-1341,36%,TRUE,FALSE
E14000778,352,Leeds East,65950,41843,24107,Labour,25428,Conservative,12676,12752,41441,62.80%,11355,-1321,37%,TRUE,FALSE
E14000738,301,Hazel Grove,63166,44430,18736,Conservative,20047,Liberal Democrats,14533,5514,44132,69.90%,13222,-1311,30%,TRUE,FALSE
W07000077,336,Islwyn,56256,36321,19935,Labour,21238,Conservative,9826,11412,36093,64.20%,8523,-1303,35%,TRUE,FALSE
S14000039,331,"Inverness, Nairn, Badenoch and Strathspey",77628,57877,19751,SNP,21042,Conservative,16118,4924,57613,74.20%,14827,-1291,25%,TRUE,FALSE
E14000825,404,Morecambe and Lunesdale,66818,46311,20507,Conservative,21773,Labour,20374,1399,45657,68.30%,19108,-1266,31%,TRUE,FALSE
E14000762,333,Isle of Wight,111683,74740,36943,Conservative,38190,Labour,17121,21069,74479,66.70%,15874,-1247,33%,TRUE,FALSE
E14000543,31,Barrow and Furness,69474,48042,21432,Labour,22592,Conservative,22383,209,47890,68.90%,21223,-1160,31%,TRUE,FALSE
E14000970,535,Stockton North,66285,43080,23205,Labour,24304,Conservative,15589,8715,42731,64.50%,14490,-1099,35%,TRUE,FALSE
E14000578,76,Bolton North East,67233,45455,21778,Labour,22870,Conservative,19073,3797,45183,67.20%,17981,-1092,32%,TRUE,FALSE
E14000863,430,Norwich North,66924,46077,20847,Conservative,21900,Labour,21393,507,45895,68.60%,20340,-1053,31%,TRUE,FALSE
E14000898,475,Rochester and Strood,82702,54519,28183,Conservative,29232,Labour,19382,9850,53770,65.00%,18333,-1049,34%,TRUE,FALSE
E14001022,605,Waveney,80763,53149,27614,Conservative,28643,Labour,19428,9215,52686,65.20%,18399,-1029,34%,TRUE,FALSE
E14000868,435,Nuneaton,69050,46320,22730,Conservative,23755,Labour,19016,4739,46067,66.70%,17991,-1025,33%,TRUE,FALSE
E14000696,242,Erith and Thamesmead,69724,45100,24624,Labour,25585,Conservative,15571,10014,44464,63.80%,14610,-961,35%,TRUE,FALSE
E14000621,133,Carshalton and Wallington,70849,50969,19880,Liberal Democrats,20819,Conservative,19450,1369,50753,71.60%,18511,-939,28%,TRUE,FALSE
E14001007,587,Uxbridge and South Ruislip,69940,47142,22798,Conservative,23716,Labour,18682,5034,46694,66.80%,17764,-918,33%,TRUE,FALSE
E14000629,140,Chelsea and Fulham,63732,42447,21285,Conservative,22179,Labour,13991,8188,42128,66.10%,13097,-894,33%,TRUE,FALSE
E14000722,282,Halesowen and Rowley Regis,66766,44637,22129,Conservative,23012,Labour,17759,5253,44378,66.50%,16876,-883,33%,TRUE,FALSE
E14000861,427,Northampton North,58861,40672,18189,Conservative,19065,Labour,18258,807,40378,68.60%,17382,-876,31%,TRUE,FALSE
E14000870,439,Oldham East and Saddleworth,72180,47389,24791,Labour,25629,Conservative,17447,8182,47037,65.20%,16609,-838,34%,TRUE,FALSE
W07000067,131,Carmarthen East and Dinefwr,56711,41401,15310,Plaid Cymru,16127,Labour,12219,3908,41029,72.30%,11402,-817,27%,TRUE,FALSE
E14000741,304,Hendon,77040,52722,24318,Conservative,25078,Labour,24006,1072,52215,67.80%,23246,-760,32%,TRUE,FALSE
W07000055,417,Newport East,57211,37150,20061,Labour,20804,Conservative,12801,8003,36820,64.40%,12058,-743,35%,TRUE,FALSE
W07000071,393,Merthyr Tydfil and Rhymney 5,55463,33756,21707,Labour,22407,Conservative,6073,16334,33545,60.50%,5373,-700,39%,TRUE,FALSE
E14000911,495,Salford and Eccles,78246,47775,30471,Labour,31168,Conservative,12036,19132,47621,60.90%,11339,-697,39%,TRUE,FALSE
E14000649,165,Coventry North East,75759,46918,28841,Labour,29499,Conservative,13919,15580,46508,61.40%,13261,-658,38%,TRUE,FALSE
S14000051,441,Orkney and Shetland,34164,23408,10756,Liberal Democrats,11312,SNP,6749,4563,23277,68.10%,6193,-556,31%,TRUE,FALSE
E14000920,507,Sheffield South East,68945,43938,25007,Labour,25520,Conservative,13722,11798,43621,63.30%,13209,-513,36%,TRUE,FALSE
E14000927,512,Sittingbourne and Sheppey,81717,51301,30416,Conservative,30911,Labour,15700,15211,51389,62.90%,15205,-495,37%,TRUE,FALSE
E14000541,29,Barnsley Central,64204,39678,24526,Labour,24982,Conservative,9436,15546,39087,60.90%,8980,-456,38%,TRUE,FALSE
E14000933,33,South Basildon and East Thurrock,73537,47178,26359,Conservative,26811,Labour,15321,11490,47103,64.10%,14869,-452,36%,TRUE,FALSE
E14000626,137,Chatham and Aylesford,70419,45214,25205,Conservative,25587,Labour,15129,10458,44890,63.70%,14747,-382,36%,TRUE,FALSE
W07000070,174,Cynon Valley,51334,32193,19141,Labour,19404,Conservative,6166,13238,31813,62.00%,5903,-263,37%,TRUE,FALSE
W07000041,647,Ynys Môn,52921,37509,15412,Labour,15643,Conservative,10384,5259,37367,70.60%,10153,-231,29%,TRUE,FALSE
W07000072,71,Blaenau Gwent,51176,32601,18575,Labour,18787,Plaid Cymru,6880,11907,32384,63.30%,6668,-212,36%,TRUE,FALSE
E14000915,499,Sedgefield,63889,41831,22058,Labour,22202,Conservative,16143,6059,41591,65.10%,15999,-144,35%,TRUE,FALSE
S14000050,436,Ochil and South Perthshire,76769,54437,22332,Conservative,22469,SNP,19110,3359,54168,70.60%,18973,-137,29%,TRUE,FALSE
E14000740,303,Hemsworth,71870,46234,25636,Labour,25740,Conservative,15566,10174,45944,63.90%,15462,-104,36%,TRUE,FALSE
E14000761,332,Ipswich,75668,51530,24138,Labour,24224,Conservative,23393,831,51134,67.60%,23307,-86,32%,TRUE,FALSE
E14000879,452,"Plymouth, Moor View",69342,45851,23491,Conservative,23567,Labour,18548,5019,45417,65.50%,18472,-76,34%,TRUE,FALSE
E14000618,124,Cannock Chase,74540,48293,26247,Conservative,26318,Labour,17927,8391,47872,64.20%,17856,-71,35%,TRUE,FALSE
E14000530,7,Aldershot,76205,49303,26902,Conservative,26950,Labour,15477,11473,48998,64.30%,15429,-48,35%,TRUE,FALSE
E14000921,503,"Sheffield, Brightside and Hillsborough",70344,42159,28185,Labour,28193,Conservative,9050,19143,41869,59.50%,9042,-8,40%,TRUE,FALSE
E14000560,57,"Birmingham, Edgbaston",68091,43967,24124,Labour,24124,Conservative,17207,6917,43612,64.00%,17207,0,35%,TRUE,FALSE
S14000013,207,Dumfries and Galloway,74206,51854,22352,Conservative,22344,SNP,16701,5643,51599,69.50%,16709,8,30%,TRUE,TRUE
E14000834,413,Newcastle-under-Lyme,65598,44415,21183,Labour,21124,Conservative,21094,30,43842,66.80%,21153,59,32%,TRUE,TRUE
E14000552,41,Bedford,71829,48990,22839,Labour,22712,Conservative,21923,789,48480,67.50%,22050,127,32%,TRUE,TRUE
S14000026,232,Edinburgh West,71500,53217,18283,Liberal Democrats,18108,SNP,15120,2988,52795,73.80%,15295,175,26%,TRUE,TRUE
S14000046,403,Moray,70649,47813,22836,Conservative,22637,SNP,18478,4159,47605,67.40%,18677,199,32%,TRUE,TRUE
W07000076,114,Caerphilly,64381,41632,22749,Labour,22491,Conservative,10413,12078,41297,64.10%,10671,258,35%,TRUE,TRUE
E14000914,498,Scunthorpe,61578,40369,21209,Labour,20916,Conservative,17485,3431,40202,65.30%,17778,293,34%,TRUE,TRUE
E14000891,466,Redcar,66772,42851,23921,Labour,23623,Conservative,14138,9485,42560,63.70%,14436,298,36%,TRUE,TRUE
E14000878,451,Peterborough,71522,48263,23259,Labour,22950,Conservative,22343,607,47739,66.70%,22652,309,33%,TRUE,TRUE
S14000027,407,Na h-Eileanan an Iar,21301,14947,6354,SNP,6013,Labour,5006,1007,14818,69.60%,5347,341,30%,TRUE,TRUE
E14000584,82,Bournemouth East,74591,48992,25599,Conservative,25221,Labour,17284,7937,48618,65.20%,17662,378,34%,TRUE,TRUE
W07000061,217,Dwyfor Meirionnydd,44699,30531,14168,Plaid Cymru,13687,Conservative,8837,4850,30348,67.90%,9318,481,32%,TRUE,TRUE
N06000009,347,Lagan Valley,72380,45069,27311,DUP,26762,UUP,7533,19229,44926,62.10%,8082,549,38%,TRUE,TRUE
E14000661,180,Denton and Reddish,65751,40014,25737,Labour,25161,Conservative,11084,14077,39599,60.20%,11660,576,39%,TRUE,TRUE
E14001021,604,Watford,86507,59189,27318,Conservative,26731,Labour,24639,2092,58610,67.80%,25226,587,32%,TRUE,TRUE
E14000579,77,Bolton South East,68886,42579,26307,Labour,25676,Conservative,12550,13126,42323,61.40%,13181,631,38%,TRUE,TRUE
W07000053,576,Torfaen,61839,38983,22856,Labour,22134,Conservative,11894,10240,38432,62.10%,12616,722,37%,TRUE,TRUE
E14001009,591,Wakefield,70340,46625,23715,Labour,22987,Conservative,20811,2176,46284,65.80%,21539,728,34%,TRUE,TRUE
W07000048,558,Swansea East,58526,35401,23125,Labour,22307,Conservative,9139,13168,35159,60.10%,9957,818,40%,TRUE,TRUE
E14000792,368,Lincoln,73111,48941,24170,Labour,23333,Conservative,21795,1538,48718,66.60%,22632,837,33%,TRUE,TRUE
E14000820,395,Middlesbrough South and East Cleveland,72336,47828,24508,Conservative,23643,Labour,22623,1020,47620,65.80%,23488,865,34%,TRUE,TRUE
N06000002,46,Belfast North,68249,46123,22126,DUP,21240,Sinn Féin,19159,2081,45949,67.30%,20045,886,32%,TRUE,TRUE
E14000780,354,Leeds North West,68152,46739,21413,Labour,20416,Liberal Democrats,16192,4224,46287,67.90%,17189,997,31%,TRUE,TRUE
E14000862,428,Northampton South,61766,41358,20408,Conservative,19231,Labour,18072,1159,41039,66.40%,19249,1177,33%,TRUE,TRUE
E14000989,565,Telford,68106,45079,23027,Conservative,21777,Labour,21057,720,44686,65.60%,22307,1250,34%,TRUE,TRUE
E14000672,205,Dudley South,61324,38430,22894,Conservative,21588,Labour,13858,7730,38249,62.40%,15164,1306,37%,TRUE,TRUE
W07000064,135,Ceredigion,52889,39912,12977,Plaid Cymru,11623,Liberal Democrats,11519,104,39715,75.10%,12873,1354,25%,TRUE,TRUE
E14000903,481,Rother Valley,75230,50031,25199,Labour,23821,Conservative,19939,3882,49488,65.80%,21317,1378,33%,TRUE,TRUE
E14000712,270,Gloucester,82965,54362,28603,Conservative,27208,Labour,21688,5520,54078,65.20%,23083,1395,34%,TRUE,TRUE
E14001059,645,Wythenshawe and Sale East,76361,46411,29950,Labour,28525,Conservative,13581,14944,45846,60.00%,15006,1425,39%,TRUE,TRUE
S14000002,4,Aberdeen South,64964,44790,20174,Conservative,18746,SNP,13994,4752,44493,68.50%,15422,1428,31%,TRUE,TRUE
W07000057,16,Arfon,41367,28414,12953,Plaid Cymru,11519,Labour,11427,92,28208,68.20%,12861,1434,31%,TRUE,TRUE
N06000016,542,Strangford,64327,38849,25478,DUP,24036,Alliance,5693,18343,38749,60.20%,7135,1442,40%,TRUE,TRUE
E14000754,320,Houghton and Sunderland South,68123,41971,26152,Labour,24665,Conservative,12324,12341,41480,60.90%,13811,1487,38%,TRUE,TRUE
E14000657,175,Dagenham and Rainham,70616,46161,24455,Labour,22958,Conservative,18306,4652,45843,64.90%,19803,1497,35%,TRUE,TRUE
E14000644,157,Colchester,79996,53917,26079,Conservative,24565,Labour,18888,5677,53545,66.90%,20402,1514,33%,TRUE,TRUE
E14001020,603,Washington and Sunderland West,67280,41049,26231,Labour,24639,Conservative,11699,12940,40574,60.30%,13291,1592,39%,TRUE,TRUE
S14000005,17,Argyll and Bute,67230,48300,18930,SNP,17304,Conservative,15976,1328,48069,71.50%,17602,1626,28%,TRUE,TRUE
E14001029,612,West Bromwich East,63846,39509,24337,Labour,22664,Conservative,14951,7713,39226,61.40%,16624,1673,38%,TRUE,TRUE
E14000819,394,Middlesbrough,61059,35909,25150,Labour,23404,Conservative,9531,13873,35637,58.40%,11277,1746,41%,TRUE,TRUE
E14000807,387,Manchester Central,90673,50435,40238,Labour,38490,Conservative,7045,31445,49720,54.80%,8793,1748,44%,TRUE,TRUE
S14000053,446,Paisley and Renfrewshire South,60893,42139,18754,SNP,16964,Labour,14423,2541,41712,68.50%,16213,1790,31%,TRUE,TRUE
E14001028,611,Wentworth and Dearne,74890,44514,30376,Labour,28547,Conservative,13744,14803,43948,58.70%,15573,1829,41%,TRUE,TRUE
E14001054,637,Worsley and Eccles South,73802,45815,27987,Labour,26046,Conservative,17667,8379,45640,61.80%,19608,1941,38%,TRUE,TRUE
E14000758,327,Hyndburn,71601,45513,26088,Labour,24120,Conservative,18305,5815,45202,63.10%,20273,1968,36%,TRUE,TRUE
E14000982,551,Sunderland Central,72728,45680,27048,Labour,25056,Conservative,15059,9997,45111,62.00%,17051,1992,37%,TRUE,TRUE
S14000009,115,"Caithness, Sutherland and Easter Ross",47558,34337,13221,Liberal Democrats,11061,SNP,9017,2044,34186,71.90%,11177,2160,28%,TRUE,TRUE
E14000572,69,Blackpool North and Cleveleys,63967,41467,22500,Conservative,20255,Labour,18232,2023,41007,64.10%,20477,2245,35%,TRUE,TRUE
S14000052,445,Paisley and Renfrewshire North,66823,47025,19798,SNP,17455,Labour,14842,2613,46615,69.80%,17185,2343,30%,TRUE,TRUE
E14000577,75,Bolsover,73426,46910,26516,Labour,24153,Conservative,18865,5288,46519,63.40%,21228,2363,36%,TRUE,TRUE
E14000568,65,"Birmingham, Yardley",72581,44800,27781,Labour,25398,Conservative,8824,16574,44464,61.30%,11207,2383,38%,TRUE,TRUE
E14000785,361,Leigh,76202,47274,28928,Labour,26347,Conservative,16793,9554,46874,61.50%,19374,2581,38%,TRUE,TRUE
E14000571,68,Blackley and Broughton,71644,40793,30851,Labour,28258,Conservative,8657,19601,40113,56.00%,11250,2593,43%,TRUE,TRUE
E14000677,221,Easington,62385,36609,25776,Labour,23152,Conservative,8260,14892,36364,58.30%,10884,2624,41%,TRUE,TRUE
E14001050,631,Wolverhampton South East,60301,36524,23777,Labour,21137,Conservative,12623,8514,36304,60.20%,15263,2640,39%,TRUE,TRUE
S14000020,224,East Lothian,79093,56259,22834,Labour,20158,SNP,17075,3083,55878,70.60%,19751,2676,29%,TRUE,TRUE
S14000037,271,Gordon,78531,53953,24578,Conservative,21861,SNP,19254,2607,53685,68.40%,21971,2717,31%,TRUE,TRUE
N06000005,13,East Antrim,62908,38289,24619,DUP,21873,Alliance,5930,15943,38143,60.60%,8676,2746,39%,TRUE,TRUE
E14000958,526,Southport,69400,48031,21369,Conservative,18541,Labour,15627,2914,47956,69.10%,18455,2828,31%,TRUE,TRUE
E14000717,277,Great Yarmouth,71408,44653,26755,Conservative,23901,Labour,15928,7973,44145,61.80%,18782,2854,37%,TRUE,TRUE
S14000049,250,North East Fife,58685,42046,16639,SNP,13743,Liberal Democrats,13741,2,41822,71.30%,16637,2896,28%,TRUE,TRUE
E14000836,426,"Normanton, Pontefract and Castleford",81641,49476,32165,Labour,29268,Conservative,14769,14499,49191,60.30%,17666,2897,39%,TRUE,TRUE
E14000955,523,"Southampton, Itchen",71722,47047,24675,Conservative,21773,Labour,21742,31,46783,65.20%,24644,2902,34%,TRUE,TRUE
E14000899,476,Rochford and Southend East,73501,47564,25937,Conservative,23013,Labour,17465,5548,47248,64.30%,20389,2924,35%,TRUE,TRUE
S14000023,229,Edinburgh North and Leith,79473,57202,22271,SNP,19243,Labour,17618,1625,56552,71.20%,20646,3028,28%,TRUE,TRUE
E14000747,313,Heywood and Middleton,79901,50246,29655,Labour,26578,Conservative,18961,7617,49865,62.40%,22038,3077,37%,TRUE,TRUE
E14000569,66,Bishop Auckland,67661,43567,24094,Labour,20808,Conservative,20306,502,43281,64.00%,23592,3286,36%,TRUE,TRUE
E14000772,324,Kingston upon Hull North,64665,37634,27031,Labour,23685,Conservative,9363,14322,37127,57.40%,12709,3346,42%,TRUE,TRUE
E14000667,194,Don Valley,73990,46271,27719,Labour,24351,Conservative,19182,5169,45988,62.20%,22550,3368,37%,TRUE,TRUE
E14000668,195,Doncaster Central,71718,43350,28368,Labour,24915,Conservative,14784,10131,43024,60.00%,18237,3453,40%,TRUE,TRUE
S14000012,173,"Cumbernauld, Kilsyth and Kirkintilloch East",66554,43973,22581,SNP,19122,Labour,14858,4264,43833,65.90%,18317,3459,34%,TRUE,TRUE
E14000904,482,Rotherham,63237,38327,24910,Labour,21404,Conservative,10017,11387,37923,60.00%,13523,3506,39%,TRUE,TRUE
S14000022,228,Edinburgh East,65896,43812,22084,SNP,18509,Labour,15084,3425,43523,66.00%,18659,3575,34%,TRUE,TRUE
E14000537,21,Ashton-under-Lyne,67674,40058,27616,Labour,24005,Conservative,12710,11295,39773,58.80%,16321,3611,41%,TRUE,TRUE
E14000974,539,Stoke-on-Trent South,66057,41927,24130,Conservative,20451,Labour,19788,663,41693,63.10%,23467,3679,37%,TRUE,TRUE
E14000810,390,Mansfield,77823,50648,27175,Conservative,23392,Labour,22335,1057,50157,64.50%,26118,3783,35%,TRUE,TRUE
S14000025,231,Edinburgh South West,71178,49728,21450,SNP,17575,Conservative,16478,1097,49390,69.40%,20353,3875,30%,TRUE,TRUE
E14000542,30,Barnsley East,69214,41023,28191,Labour,24280,Conservative,10997,13283,40776,58.90%,14908,3911,41%,TRUE,TRUE
S14000038,330,Inverclyde,58853,39891,18962,SNP,15050,Labour,14666,384,39093,66.40%,18578,3912,32%,TRUE,TRUE
E14000967,531,Stalybridge and Hyde,71409,43188,28221,Labour,24277,Conservative,16193,8084,42457,59.50%,20137,3944,40%,TRUE,TRUE
E14000588,86,Bradford South,67752,41382,26370,Labour,22364,Conservative,15664,6700,41048,60.60%,19670,4006,39%,TRUE,TRUE
E14000565,62,"Birmingham, Northfield",72322,44682,27640,Labour,23596,Conservative,18929,4667,44348,61.30%,22973,4044,38%,TRUE,TRUE
E14000669,196,Doncaster North,72377,42595,29782,Labour,25711,Conservative,11687,14024,42312,58.50%,15758,4071,41%,TRUE,TRUE
E14000784,358,Leicester West,64834,37897,26937,Labour,22823,Conservative,11763,11060,37512,57.90%,15877,4114,42%,TRUE,TRUE
N06000015,203,South Down,75685,51156,24529,Sinn Féin,20328,SDLP,17882,2446,50893,67.20%,22083,4201,32%,TRUE,TRUE
S14000015,211,Dundee East,65854,43161,22693,SNP,18391,Conservative,11746,6645,42928,65.20%,16048,4302,34%,TRUE,TRUE
S14000059,210,West Dunbartonshire,67602,44377,23225,SNP,18890,Labour,16602,2288,44083,65.20%,20937,4335,34%,TRUE,TRUE
E14000585,83,Bournemouth West,73195,44888,28307,Conservative,23812,Labour,16101,7711,44507,60.80%,20596,4495,39%,TRUE,TRUE
E14000639,151,Cities of London and Westminster,61533,38918,22615,Conservative,18005,Labour,14857,3148,38654,62.80%,19467,4610,37%,TRUE,TRUE
E14001049,630,Wolverhampton North East,60770,36736,24034,Labour,19282,Conservative,14695,4587,36508,60.10%,19447,4752,40%,TRUE,TRUE
E14000671,204,Dudley North,62042,39095,22947,Labour,18090,Conservative,18068,22,38910,62.70%,22925,4857,37%,TRUE,TRUE
S14000019,223,"East Kilbride, Strathaven and Lesmahagow",80442,54419,26023,SNP,21023,Labour,17157,3866,54203,67.40%,22157,5000,32%,TRUE,TRUE
E14000866,433,Nottingham North,66885,38768,28117,Labour,23067,Conservative,11907,11160,38319,57.30%,16957,5050,42%,TRUE,TRUE
E14000573,70,Blackpool South,58470,35734,22736,Labour,17581,Conservative,15058,2523,34953,59.80%,20213,5155,39%,TRUE,TRUE
E14000768,340,Kensington,60588,39013,21575,Labour,16333,Conservative,16313,20,38673,63.80%,21555,5242,36%,TRUE,TRUE
E14000609,109,Burnley,64709,40549,24160,Labour,18832,Conservative,12479,6353,40290,62.30%,17807,5328,37%,TRUE,TRUE
S14000004,12,Angus,63840,40157,23683,Conservative,18148,SNP,15503,2645,40192,63.00%,21038,5535,37%,TRUE,TRUE
S14000016,212,Dundee West,62644,38936,23708,SNP,18045,Labour,12783,5262,38675,61.70%,18446,5663,38%,TRUE,TRUE
S14000007,27,Banff and Buchan,67601,41948,25653,Conservative,19976,SNP,16283,3693,41643,61.60%,21960,5677,38%,TRUE,TRUE
N06000008,255,Foyle,70324,46153,24171,Sinn Féin,18256,SDLP,18087,169,45959,65.40%,24002,5915,34%,TRUE,TRUE
S14000034,267,Glasgow South,69126,44858,24268,SNP,18312,Labour,16285,2027,44550,64.40%,22241,5956,35%,TRUE,TRUE
E14000561,58,"Birmingham, Erdington",65067,37489,27578,Labour,21571,Conservative,14286,7285,37217,57.20%,20293,6007,42%,TRUE,TRUE
N06000006,376,East Londonderry,67038,41293,25745,DUP,19723,Sinn Féin,10881,8842,41030,61.20%,16903,6022,38%,TRUE,TRUE
S14000006,23,"Ayr, Carrick and Cumnock",71241,46567,24674,Conservative,18550,SNP,15776,2774,46222,64.90%,21900,6124,35%,TRUE,TRUE
S14000045,396,Midlothian,68328,45623,22705,Labour,16458,SNP,15573,885,45273,66.30%,21820,6247,33%,TRUE,TRUE
S14000017,213,Dunfermline and West Fife,75672,51260,24412,SNP,18121,Labour,17277,844,50937,67.30%,23568,6291,32%,TRUE,TRUE
N06000017,586,Upper Bann,80168,51470,28698,DUP,22317,Sinn Féin,14325,7992,51258,63.90%,20706,6381,36%,TRUE,TRUE
E14000535,19,Ashfield,78076,50378,27698,Labour,21285,Conservative,20844,441,49995,64.00%,27257,6413,35%,TRUE,TRUE
E14000972,537,Stoke-on-Trent Central,56915,33411,23504,Labour,17083,Conservative,13186,3897,33144,58.20%,19607,6421,41%,TRUE,TRUE
E14000884,458,Portsmouth South,69785,44876,24909,Labour,18290,Conservative,16736,1554,44566,63.90%,23355,6619,36%,TRUE,TRUE
E14000733,296,Hartlepool,70718,42093,28625,Labour,21969,Conservative,14319,7650,41835,59.20%,20975,6656,40%,TRUE,TRUE
S14000040,342,Kilmarnock and Loudoun,73327,46861,26466,SNP,19690,Labour,13421,6269,46509,63.40%,20197,6776,36%,TRUE,TRUE
S14000010,24,Central Ayrshire,68999,45390,23609,SNP,16771,Conservative,15504,1267,45087,65.30%,22342,6838,34%,TRUE,TRUE
S14000011,156,"Coatbridge, Chryston and Bellshill",71198,45066,26132,Labour,19193,SNP,17607,1586,45040,63.30%,24546,6939,37%,TRUE,TRUE
S14000048,25,North Ayrshire and Arran,73176,47781,25395,SNP,18451,Conservative,14818,3633,47433,64.80%,21762,6944,35%,TRUE,TRUE
E14000773,325,Kingston upon Hull West and Hessle,60181,34783,25398,Labour,18342,Conservative,10317,8025,34565,57.40%,17373,7056,42%,TRUE,TRUE
S14000028,245,Falkirk,82240,54102,28138,SNP,20952,Labour,16029,4923,53867,65.50%,23215,7186,34%,TRUE,TRUE
S14000044,374,Livingston,81208,52781,28427,SNP,21036,Labour,17158,3878,52505,64.70%,24549,7391,35%,TRUE,TRUE
E14000995,571,Thurrock,78154,50712,27442,Conservative,19880,Labour,19535,345,50325,64.40%,27097,7562,35%,TRUE,TRUE
E14000771,323,Kingston upon Hull East,65959,36718,29241,Labour,21355,Conservative,10959,10396,36656,55.60%,18845,7886,44%,TRUE,TRUE
E14000777,351,Leeds Central,89537,48192,41345,Labour,33453,Conservative,9755,23698,47673,53.20%,17647,7892,46%,TRUE,TRUE
E14000973,538,Stoke-on-Trent North,71558,42148,29410,Labour,21272,Conservative,18913,2359,41785,58.40%,27051,8138,41%,TRUE,TRUE
S14000033,266,Glasgow North West,63773,39119,24654,SNP,16508,Labour,13947,2561,38844,60.90%,22093,8146,39%,TRUE,TRUE
S14000036,269,Glenrothes,66378,40669,25709,SNP,17291,Labour,14024,3267,40399,60.90%,22442,8418,39%,TRUE,TRUE
N06000014,15,South Antrim,68244,43316,24928,DUP,16508,UUP,13300,3208,43170,63.30%,21720,8420,37%,TRUE,TRUE
E14000716,276,Great Grimsby,61743,35749,25994,Labour,17545,Conservative,14980,2565,35521,57.50%,23429,8449,42%,TRUE,TRUE
N06000013,202,North Down,64334,39285,25049,Independent,16185,DUP,14940,1245,39185,60.90%,23804,8864,39%,TRUE,TRUE
N06000003,47,Belfast South,66105,43865,22240,DUP,13299,SDLP,11303,1996,43721,66.10%,20244,8941,34%,TRUE,TRUE
S14000041,345,Kirkcaldy and Cowdenbeath,72721,46495,26226,Labour,17016,SNP,16757,259,46193,63.50%,25967,9210,36%,TRUE,TRUE
S14000043,369,Linlithgow and East Falkirk,86186,56387,29799,SNP,20388,Labour,17469,2919,56094,65.10%,26880,9411,35%,TRUE,TRUE
S14000031,264,Glasgow North,55862,33738,22124,SNP,12597,Labour,11537,1060,33473,59.90%,21064,9527,40%,TRUE,TRUE
S14000056,487,Rutherglen and Hamilton West,80098,51173,28925,Labour,19101,SNP,18836,265,50929,63.60%,28660,9824,36%,TRUE,TRUE
S14000001,3,Aberdeen North,62130,37031,25099,SNP,15170,Labour,11031,4139,36757,59.20%,20960,9929,40%,TRUE,TRUE
E14001011,593,Walsall North,67308,38311,28997,Conservative,18919,Labour,16318,2601,38118,56.60%,26396,10078,43%,TRUE,TRUE
S14000047,406,Motherwell and Wishaw,68215,41967,26248,SNP,16150,Labour,15832,318,41926,61.50%,25930,10098,38%,TRUE,TRUE
S14000042,348,Lanark and Hamilton East,77313,50732,26581,SNP,16444,Conservative,16178,266,50527,65.40%,26315,10137,34%,TRUE,TRUE
E14001030,613,West Bromwich West,65967,36405,29562,Labour,18789,Conservative,14329,4460,36168,54.80%,25102,10773,45%,TRUE,TRUE
S14000003,6,Airdrie and Shotts,64146,38170,25976,SNP,14291,Labour,14096,195,38002,59.20%,25781,11685,40%,TRUE,TRUE
S14000029,262,Glasgow Central,64346,36374,27972,SNP,16096,Labour,13829,2267,35984,55.90%,25705,11876,43%,TRUE,TRUE
S14000035,268,Glasgow South West,62991,35600,27391,SNP,14386,Labour,14326,60,35378,56.20%,27331,13005,43%,TRUE,TRUE
S14000032,265,Glasgow North East,59931,32055,27876,Labour,13637,SNP,13395,242,31775,53.00%,27634,14239,47%,TRUE,TRUE
S14000030,263,Glasgow East,66242,36428,29814,SNP,14024,Labour,13949,75,36175,54.60%,29739,15790,45%,TRUE,TRUE
